UUID,Title,"First Name","Last Name","Street Address",Barangay,Municipality,Province,Country,"Phone Number","Mobile Number","Company Name","Company Website","Job Title","Favorite Color",Birthdate,"Email Address",Password
3693c7d8-1f35-3702-b0f4-63e15bf031c2,Mr.,Toni,Pfeffer,"85 Quitzon Coves, Poblacion, Koronadal 2493 Aurora",ex,Batac,Pennsylvania,Nepal,659-790-660,176-546-561,"Moen, Pfannerstill and Wiza",http://www.dibbert.com/autem-dolores-repudiandae-quidem-incidunt-sequi-sapiente-architecto.html,Warehouse,green,2008-06-07,edmond.rogahn@luettgen.com,MQ<I`2Ffxz3}>
ff4d8642-ebf2-3c80-bfce-0f435078291a,Mr.,Charley,Gislason,"21A/40 Bednar Gardens, Santa 4721 Nueva Ecija",minima,Biñan,"District of Columbia",Benin,984-253-196,601-476-723,"Predovic LLC",https://www.gerhold.com/dolor-velit-necessitatibus-aut,"Clinical School Psychologist",lime,1997-07-20,wkuhn@cummerata.com,L^CBeyT?KbA|yMA
3f9ec069-1a0f-3cbf-a590-21b3d5d31fd8,Miss,Maribel,Bradtke,"11 Lubowitz Turnpike Suite 098, Poblacion, Lipa 3719 Masbate",reiciendis,Malolos,Georgia,Fiji,932-072-499,209-353-425,"Zieme, Schowalter and Heller",https://www.kertzmann.com/assumenda-sequi-porro-assumenda-quia,"Mining Engineer OR Geological Engineer",black,2000-11-11,danial14@yahoo.com,WKuky&^1JE1
14a45cf9-4b9d-39c6-9b07-80d854ded934,Dr.,Pamela,Swaniawski,"00A/43 Bednar Drive, Poblacion, Parañaque 8736 Aklan",fugit,Tabaco,Alaska,Korea,506-797-318,009-679-662,"Bayer, Olson and Tremblay",http://upton.net/nulla-autem-sit-totam-eligendi-eaque,"Gaming Supervisor",silver,1998-04-13,lbergstrom@yahoo.com,RTTBoO
73f12036-e1af-38c7-b24c-b2aa852810f4,Dr.,Willy,McDermott,"27/20 Kilback Camp, San Fernando 7421 Cagayan",a,Borongan,Georgia,Norway,272-986-392,035-452-676,"Champlin Inc",http://www.ratke.com/,"Building Inspector",green,1971-03-17,omurphy@hotmail.com,vU4M<LJW[N[Zg[1k5ZD
1496c823-a397-361f-97ae-08849ba507e5,Dr.,Amie,Boyle,"42A Lesch Freeway Apt. 597, Poblacion, Biñan 8349 Misamis Occidental",facere,"Puerto Princesa",Oklahoma,Jamaica,136-790-664,918-627-492,Halvorson-Kilback,http://www.schinner.com/dolore-odit-est-nihil,"Electrical Power-Line Installer",navy,2008-06-24,donald.wintheiser@hotmail.com,gqN70(eJ6*CO<'
aabd7e55-bf23-390b-8f9c-1690db5ad722,Prof.,Abner,Waelchi,"71A/73 McClure Trail, Poblacion, Passi 2036 Siquijor",rerum,Ligao,"North Carolina",Belize,359-041-471,224-986-815,"McCullough, Mitchell and Brekke",http://koch.com/,"Purchasing Agent",blue,2019-10-25,violette73@hotmail.com,"BK2+T(A]\7_Z0O"
d9b3279a-2bda-30f2-b94f-f940911193cd,Prof.,Graham,Langworth,"47 Hintz Views Apt. 289, Pio V. Corpuz 2076 Antique",voluptatem,Tanjay,"New Mexico",Eritrea,916-799-482,970-972-067,"Simonis, Wolf and Pouros",https://www.hartmann.com/commodi-voluptatum-reprehenderit-iusto-aut,"Shoe Machine Operators",silver,2004-11-06,boyer.ignatius@swift.com,>k.P:_$
c922c187-207b-3376-8674-9cd75f7f4d6d,Dr.,Addie,Miller,"19A/59 Cole Port Suite 008, Poblacion, Koronadal 5853 Dinagat Islands",dicta,Lapu-Lapu,Montana,Bangladesh,455-496-483,793-214-121,O'Kon-Ondricka,http://www.bode.org/,"Sales Representative",fuchsia,1971-07-30,seth36@yahoo.com,2NkgZCfsza
d8ac316d-1b22-3e0c-a795-462524454f22,Prof.,Mike,Bins,"03A Klocko Lights Apt. 821, Poblacion, Dipolog 2987 Davao Oriental",et,Laoag,"West Virginia","Antigua and Barbuda",964-125-190,154-655-422,"Pfannerstill Inc",http://www.pfeffer.com/animi-ut-aperiam-amet-nulla-est-voluptatibus-eos-labore,"Lay-Out Worker",fuchsia,1995-08-01,nils65@gmail.com,9XJ*v:$ULvHg
6f9d2260-a4bd-331e-8f1e-934f95118b2b,Dr.,Pietro,Balistreri,"01A/70 Hickle Hill, Poblacion, Cotabato City 0326 Nueva Ecija",aliquam,Tagbilaran,Alaska,Belgium,394-028-579,392-412-939,"Witting, Pfeffer and Krajcik",http://jacobson.net/assumenda-eum-vel-consequuntur-totam-sunt-amet,Fitter,navy,1992-04-17,fkozey@gmail.com,"JNc?%U}Cf!\8#:+5<)V"
88d24564-8550-3eed-8d15-01efdd7e8812,Mrs.,Chester,Berge,"96/51 Waelchi Haven Suite 666, Manila 5336 Davao Oriental",esse,"El Salvador",Idaho,Tanzania,008-221-733,909-639-574,"King, Kuhic and Marks",http://terry.org/reprehenderit-natus-nesciunt-deleniti-commodi-non-impedit-qui,"Order Filler",purple,2006-10-22,tzieme@bauch.com,aG'_6W:*2l]vg
470aa59f-27d0-306a-9d4e-1ad19d2d207d,Mr.,Terrance,Kuvalis,"86 Rau Viaduct, Poblacion, Tarlac City 8245 Agusan del Sur",dicta,Kidapawan,Michigan,Cuba,706-637-767,012-161-675,"Flatley, Heathcote and Boehm",https://hudson.com/animi-voluptatibus-aut-ab-enim.html,"Surgical Technologist",lime,1982-07-07,sylvan68@koch.com,-U3TQl3{TP#eOJK
357741e4-5a7b-3dd6-88ed-15f3b67a60cf,Mrs.,Rita,Dach,"81 Mayer Corner, Poblacion, Lucena 9145 Oriental Mindoro",autem,Oroquieta,Tennessee,"Svalbard & Jan Mayen Islands",602-275-561,205-306-798,Koelpin-Koepp,http://www.mcclure.com/et-et-alias-est-occaecati.html,"Gaming Cage Worker",gray,1983-11-09,michale33@gmail.com,"5DB>25!8?4C\+:n<Te"
45036bde-8787-3459-8cdb-00e9f6a8f22d,Miss,Delfina,Treutel,"79/84 Walker Knolls, Mankayan 9105 Bulacan",deserunt,Bogo,Arkansas,"British Virgin Islands",020-176-032,168-510-753,"Shanahan PLC",http://pacocha.net/in-aperiam-sit-sed-qui,Warehouse,silver,1970-01-24,flavio60@lowe.com,"K|\zkbTfZ7mo_/"
6c05f604-4d41-3413-81f1-5e0fecd5fb4d,Prof.,Alena,Lang,"40A/51 Bins Mission, Binmaley 6934 Ilocos Sur",atque,Cabadbaran,Tennessee,Gibraltar,644-260-961,471-218-581,"Daniel Ltd",http://kutch.com/,"Mechanical Equipment Sales Representative",maroon,2015-01-26,elna.waters@kuphal.com,":M8>qd""pg+]]QB"
ab5f0c89-9076-3596-ac41-a4c08b84b10f,Mrs.,Broderick,Hyatt,"86 Huel Cape Apt. 462, Cagayancillo 0171 Guimaras",consequatur,"Quezon City",Mississippi,Greenland,927-497-069,623-104-139,"Yundt LLC",https://www.kohler.info/quis-quo-molestiae-porro-ad-ea,"Forensic Science Technician",maroon,1981-01-09,colten51@grant.com,"t/;(J]xbCVWc)SZH,+"
c7d70fa6-dea0-3a1f-b08c-929bd72709d8,Dr.,Stanford,Denesik,"84/93 Jerde Walks Suite 607, Poblacion, Baguio 4729 Masbate",eum,Borongan,Indiana,Poland,561-809-366,531-764-878,"Hermiston and Sons",http://www.boyle.com/debitis-magnam-et-enim-aut-eos,Gauger,maroon,2008-09-18,kilback.troy@hotmail.com,h?k{rv|m}#/h
1543f916-656a-30c7-80a0-2de45a7ad2b8,Dr.,Terrance,Kassulke,"18 Stark Station, Sergio Osmeña Sr. 1947 Samar",sit,"Davao City","New Hampshire",Monaco,558-318-398,578-813-467,"Larkin, Lindgren and Cartwright",https://www.jast.com/sed-et-blanditiis-dolores-in-dolores-laudantium-vitae,"Grounds Maintenance Worker",yellow,1979-10-17,carissa99@gmail.com,"W~vXq$;]G\q6T}"
9aedf76f-ef4b-3b73-94bc-61dcfa67d6a9,Dr.,Rosie,Hills,"35/85 Abbott Rapids, Laoac 2498 Davao del Norte",molestias,Catbalogan,Ohio,"French Southern Territories",957-259-764,182-248-778,Beier-Ebert,http://crooks.org/sed-numquam-hic-nesciunt-cumque.html,"Plant Scientist",black,1977-12-20,kihn.eldon@gmail.com,p2<5%JvkJM6l7cH
4066e851-872b-3c48-8fb3-9f990b967dc4,Mr.,Kendall,Daugherty,"95A/09 Wisozk Village Suite 791, Poblacion, Escalante 0179 Masbate",omnis,Cabadbaran,Arizona,Benin,431-736-850,729-922-472,"Hermann, Harris and Prohaska",http://www.klocko.com/,"Freight Agent",silver,1988-07-27,bettye73@hotmail.com,3E5FZjP}I'/t<;
bb9b01d2-a895-3974-96e3-9c2f2fe138bc,Ms.,Vernie,Hill,"91/82 Kemmer Junctions Apt. 999, Poblacion, Talisay 8595 Zamboanga Sibugay",adipisci,Tangub,Missouri,Mongolia,226-316-534,493-190-110,"Jones and Sons",http://douglas.com/exercitationem-ut-voluptatum-nulla-voluptas-qui-et-quo-rerum,"Food Preparation",purple,2013-02-16,ebrown@schimmel.com,"U81~;I>(,"
98db387a-3467-3c37-a310-41be2d5f3276,Mrs.,Juliana,Hahn,"33/56 Murray Fall, Pontevedra 5609 Pampanga",est,Ilagan,Alaska,"Saint Martin",416-821-618,795-728-599,"Kuvalis, Roob and Mayert",http://www.metz.org/et-aliquid-soluta-eum-doloribus-pariatur-excepturi-est.html,"Gas Appliance Repairer",aqua,1996-04-07,torp.raegan@hotmail.com,F0AY+Hcvzzy:r`xso
bff6c584-ef8d-3685-b571-f558d969dc00,Prof.,Leila,Turner,"32/89 Howell Overpass, Poblacion, Pagadian 8550 Surigao del Sur",et,"Sorsogon City",Utah,Chile,015-106-115,719-313-539,"Schultz, Bruen and Johns",http://johns.com/quos-necessitatibus-quibusdam-pariatur-odit-et-accusamus.html,"Poet OR Lyricist",navy,2015-02-01,lyla85@damore.com,"KG6,[^A8A_1uBVK0x"
625b8793-6e27-3f35-ab8d-d9223eacc9f3,Dr.,Marjory,Jaskolski,"75 Erdman Cape Apt. 169, Pasuquin 3874 Camarines Norte",quas,Tanjay,Georgia,Botswana,671-639-943,468-035-970,Kunze-Ziemann,http://www.marvin.com/,"Insulation Worker",green,2011-11-17,ljohnson@yahoo.com,SC?s_)bg$MZ]
1d2a6649-024a-3664-9219-3234129efbec,Prof.,Bianka,O'Reilly,"49/24 Purdy Meadows, Poblacion, Himamaylan 5699 Agusan del Norte",amet,Meycauayan,Louisiana,Greece,838-147-645,186-635-887,"Shanahan, Johnston and Senger",http://runolfsdottir.biz/error-rem-deleniti-nesciunt-distinctio-qui-voluptatem-aspernatur,"Horticultural Worker",green,1991-01-23,vesta.lebsack@yahoo.com,"aFG\([/5lU`*<,~Dsr"
6c0a5756-42de-3daf-b6cf-7d1d47509415,Miss,Ransom,Padberg,"82/97 Nikolaus Place Apt. 122, Dipaculao 7839 Aurora",maiores,Manila,Mississippi,Norway,809-839-742,529-704-662,"Bernier, Corkery and Douglas",http://lehner.net/blanditiis-corrupti-sit-ut,"Nonfarm Animal Caretaker",black,1977-03-18,marquardt.isabel@collins.com,"!OD$s{&""36:pBP5SV"
5f21b658-f55e-3179-a364-7653276af10e,Ms.,Rhiannon,Ullrich,"66/25 Legros Parkways, Poblacion, Gingoog 8866 Camiguin",tempora,Canlaon,Oklahoma,Tanzania,399-577-123,248-822-674,"Rowe PLC",http://erdman.com/,"Molding and Casting Worker",silver,1975-05-27,avonrueden@kozey.biz,"evr~(3$=Q*,lkB"
3f8f8db7-fa0b-386e-957f-f7f74b4952c2,Dr.,Germaine,Gutmann,"88A D'Amore Branch Apt. 965, San Vicente 6515 Bataan",saepe,"El Salvador",Nevada,"Dominican Republic",920-604-590,085-916-642,"Gibson, Baumbach and Breitenberg",http://murazik.info/dignissimos-quae-ea-quia-et-blanditiis-ipsa,"Paste-Up Worker",olive,2010-11-18,vivien81@hotmail.com,FUz7n>]]&.;/2l*
42726d01-74f2-3583-ba5c-2cb6e1db2964,Mr.,Chauncey,Ratke,"76 Dietrich Burg, Poblacion, Dagupan 4875 Masbate",iure,Bacoor,Texas,"French Southern Territories",267-782-382,520-808-520,"Fisher Inc",http://donnelly.info/veritatis-vel-non-eaque-ut-deleniti-at,"Precision Printing Worker",green,1979-11-22,herminia72@gmail.com,N:/{gN#(thP
20427ef5-ba89-3ef4-8762-f4ee43d0b44f,Miss,Alexane,Moore,"72A Koss Mall Apt. 587, Poblacion, Gingoog 1358 Metro Manila",officia,Mandaluyong,Virginia,India,028-208-571,988-316-828,"Kohler Group",http://cummings.com/sapiente-soluta-ea-quasi-dolor-consequatur-dicta.html,"Oil Service Unit Operator",yellow,2019-05-14,jaskolski.grayce@hotmail.com,"!C`]""Lx"
02915f0c-011a-3894-9066-a14519bbb57f,Prof.,Newell,Swaniawski,"57A Reilly Parkway, Pudtol 5154 Sultan Kudarat",quam,Catbalogan,"District of Columbia","Bosnia and Herzegovina",787-927-091,589-338-238,"Cummings Inc",http://nikolaus.org/,"Transportation Worker",navy,2010-01-28,reinger.joesph@watsica.biz,"HZ'X,fu4r>jE%J;"
204d782c-5fce-3191-b003-eac0758e8f46,Dr.,Barrett,Greenholt,"72 McCullough Hollow Suite 573, Poblacion, Sagay 5827 Misamis Occidental",nemo,Tabuk,"New Mexico",Togo,906-608-322,630-697-101,"Kihn Group",http://www.rice.info/,"Logging Equipment Operator",teal,1990-05-25,htillman@hotmail.com,i=W~W6EW^bEI[@E
fe9aa768-103a-3220-a3d5-cf6910016962,Mr.,Larissa,Langosh,"89A/04 Turner Meadows Suite 039, Poblacion, Sagay 5302 Southern Leyte",enim,Panabo,California,Kuwait,918-264-688,733-215-453,Jast-Jacobi,http://www.vandervort.com/,"Communication Equipment Worker",fuchsia,1985-02-20,liliane.christiansen@gmail.com,J@4I?1Hv!VoXd
98695eaa-de31-3256-a196-d964b1759039,Dr.,Liliana,Hettinger,"42A Franecki Port Suite 736, Marogong 4033 Albay",ipsa,Muntinlupa,Arizona,"Western Sahara",709-123-543,994-438-540,Conroy-Walker,http://www.wisoky.com/excepturi-sunt-rem-doloremque-ut-quasi-voluptatem-consequatur,"Insurance Claims Clerk",green,2024-08-06,acronin@langworth.com,"0UJ,o8*Pb""/"
d34424b2-a941-30a9-b6d7-197160473964,Mr.,Domenica,Tromp,"14/34 Nicolas Camp Apt. 040, Katipunan 0528 Ilocos Norte",iure,Tangub,Hawaii,Nepal,768-681-805,177-681-483,"Cruickshank LLC",https://brekke.com/aspernatur-ipsum-incidunt-in-dignissimos-quae.html,"Pipe Fitter",black,2009-03-18,amonahan@yahoo.com,+shsyuZoJQUBgt9b
df9c754a-5cab-3884-81d8-b393ccf26b7b,Prof.,Gayle,Beier,"29 Daniel Views Apt. 717, Poblacion, La Carlota 6317 Dinagat Islands",est,Calbayog,Indiana,"Costa Rica",420-206-268,581-187-290,"Lindgren LLC",http://hintz.org/,"Annealing Machine Operator",green,2006-11-09,schinner.marshall@yahoo.com,h1.?#uMh]s-..
c1f60ac1-b882-3ce2-9adf-e742c57fd8b2,Ms.,Modesta,Nienow,"46A Roberts Station Apt. 800, Lanuza 1408 Marinduque",est,Panabo,Kansas,Nepal,139-490-075,279-127-608,"Sawayn PLC",http://frami.biz/porro-aut-cupiditate-quibusdam-iusto-dolor-officiis-alias-est,"Irradiated-Fuel Handler",lime,1999-03-26,trevion.hauck@fay.com,"uw0zH9S@!~T\rn)YAU"
1dc2ee71-1c9a-3ae1-874a-9429142fa694,Prof.,Jean,Schamberger,"77A/58 Reichel Knoll, Real 4442 Batangas",iusto,Legazpi,Indiana,Denmark,657-946-888,880-005-003,Harber-Heller,http://medhurst.info/id-consequatur-rem-ea-eos-voluptatibus-omnis,"Freight and Material Mover",aqua,2001-07-23,mnitzsche@effertz.biz,"y3""+koQUK"
1c971f8d-37ee-318f-8199-e584e1067e3c,Prof.,Brain,Gusikowski,"87A/61 Dach Well, Poblacion, Digos 8358 Quezon",illo,Legazpi,"North Dakota",Djibouti,134-064-463,964-761-963,Skiles-Muller,http://lueilwitz.info/,"Grinder OR Polisher",blue,1973-01-21,sheldon.thiel@beatty.com,ZnSTjf0h
888aea3b-1619-31e5-bdcf-7aedf2b2bf5f,Dr.,Sydni,Schinner,"23 Yost Stream, Piddig 7104 Mountain Province",praesentium,Antipolo,"North Carolina",Chad,021-014-546,880-517-167,"Schuppe LLC",http://beatty.com/expedita-delectus-molestias-quidem-accusamus-aut-ut.html,"Respiratory Therapist",navy,1997-07-09,dakota.daugherty@mclaughlin.com,X9:2`<r|G`NrkSPv=Z&
c0c31621-576a-3412-a0b1-b778d062f62a,Prof.,Adam,Blanda,"57/64 Gerlach Mountains Apt. 130, Tabuan-Lasa 0711 Isabela",et,Lucena,Washington,"Burkina Faso",825-306-370,493-354-836,"Fritsch Group",http://www.weimann.com/fugiat-laudantium-aut-nulla-voluptas-minima-et-provident.html,"Welder and Cutter",aqua,2022-10-08,eula15@hotmail.com,"6E]xP%M0fZoU*"",xb"
7750c8cc-72fa-3f85-aca6-f01ef69c6567,Dr.,Anastasia,Boyle,"53A Kerluke Meadow Suite 599, Poblacion, Vigan 1209 Misamis Oriental",aperiam,Muntinlupa,"North Dakota",Rwanda,685-720-940,089-758-424,Tillman-Morar,http://www.eichmann.com/,"Court Reporter",navy,2019-02-26,hherman@johns.org,(g:jh*UR9gSY.zCg}
872d6b5a-d16a-3447-9c2e-c49ec8077640,Dr.,Orville,Emard,"23 Reinger Hill Suite 966, Poblacion, Tabaco 9901 Catanduanes",velit,Tabuk,Tennessee,Morocco,490-227-967,095-010-353,"Bednar, Heidenreich and Bartell",http://brown.org/explicabo-reprehenderit-ipsam-nemo-dolorum,"Stone Cutter",navy,1996-05-19,howell.wiza@lindgren.com,"'y@A{U~<.""t;*1W/\n5"
7038e039-cf2f-357c-afe7-83432b41ca87,Prof.,Shana,Roob,"75 Towne Port Apt. 533, Poblacion, Mabalacat 4330 Ifugao",velit,Roxas,Oregon,Maldives,990-324-269,922-545-049,"Volkman, O'Conner and Cole",http://www.willms.info/et-nihil-officia-quis-sit-quia-voluptatem-deleniti,"System Administrator",yellow,1986-12-31,rstiedemann@hotmail.com,"w[e,U85_\#+eS,"
ad22ddeb-0408-3d4c-94bc-34942aafe4d4,Dr.,Tanner,Grant,"53A Kutch Manors Suite 760, Poblacion, Mati 3810 Lanao del Sur",eligendi,Batac,Virginia,Luxembourg,017-985-366,694-846-307,"Harber PLC",http://keeling.com/et-neque-explicabo-voluptates-ut-doloremque-sint-aliquam.html,"Director Of Marketing",aqua,1973-11-03,sdubuque@jones.info,"Rm?!yqA,~U!Y~K$2"
6810baf0-243d-37c5-b43f-9d75340ab605,Dr.,Zander,Purdy,"22A Walker River, Datu Abdullah Sangki 9972 Cavite",error,Pagadian,"District of Columbia",Kiribati,952-232-908,199-553-945,"Baumbach and Sons",http://www.kuhic.biz/voluptate-asperiores-quisquam-quisquam-ut-explicabo-aliquam-ea,"Insurance Investigator",yellow,2004-09-14,collier.maud@yahoo.com,"(C]Cp+""W0U<&Wk^)#"
18098208-bd93-3900-907a-541b03ef8ba5,Mr.,Dorothea,Oberbrunner,"83A/00 Schulist Parkways, Solsona 0584 Lanao del Norte",illo,Manila,Wyoming,Malawi,959-778-886,017-951-825,Schultz-Flatley,http://graham.com/porro-aliquid-impedit-dicta-qui,"Oil Service Unit Operator",green,2006-07-15,blake.douglas@yahoo.com,8Lt0kwZMb~~
3ca4407d-2b63-3e83-9fb6-2c828253212d,Prof.,Malika,Armstrong,"73 Cruickshank Course Apt. 315, Poblacion, Maasin 9112 Tawi-Tawi",ipsum,Cabanatuan,Montana,Luxembourg,187-891-913,244-244-135,Kertzmann-Borer,http://www.goldner.org/vero-sequi-consequatur-suscipit-quo-ullam-eos-sequi-omnis,"Bus Driver",navy,1981-05-20,kherzog@stoltenberg.net,s7.'k((z>'UZ0p
f4b0c4c0-fb35-300c-882f-dc877c4788ff,Dr.,Josephine,Pollich,"12A Kozey River Apt. 207, Poblacion, Dapitan 1123 Cavite",quia,"San Fernando",Texas,"Saudi Arabia",667-842-994,979-801-484,McClure-Von,http://www.dickens.net/officia-voluptas-quod-non-consequuntur-dicta,"Forest Fire Inspector",aqua,2015-09-25,ddoyle@hayes.com,"""._0206Ua"
d4caefc9-85bf-3485-928e-7cd5310ea03b,Dr.,Alena,Toy,"56A O'Conner Road Suite 311, Poblacion, Marikina 2359 Kalinga",eum,Navotas,Oregon,Austria,382-908-721,857-646-915,"Barrows, Dibbert and Braun",http://www.hirthe.info/,"Mail Machine Operator",lime,2024-07-17,keeling.earlene@hotmail.com,WWg;^nBo|#iEM-
a5f89016-0c62-318c-854c-faaf5f619c5d,Mrs.,Malika,Blanda,"78A Conroy Motorway Apt. 774, Balayan 2396 Occidental Mindoro",et,"Sorsogon City",Utah,Chile,065-025-247,783-256-446,Beahan-Jones,http://ledner.com/voluptatem-sed-vitae-deserunt-et.html,"Medical Scientists",teal,2022-09-16,purdy.rupert@reynolds.net,";=o`Jh""<x8m>"
0cae46a0-f986-335b-80f3-b9da054d7f15,Prof.,Ryann,Rolfson,"67/67 Abernathy Junctions, Poblacion, San Jose 5411 Camarines Norte",eos,"Cagayan de Oro","New Jersey",Comoros,212-450-305,807-905-387,"Langworth, Predovic and Douglas",http://bartoletti.com/dolorem-modi-qui-numquam-nihil-dolorem-impedit-debitis,"Refractory Materials Repairer",black,1974-08-01,viva05@huel.info,y-Vyff1
ebd28ddb-cc5f-3d7e-af88-fec534476823,Prof.,Marshall,Shields,"81A/83 Hessel Spring Suite 290, Santo Tomas 2816 Catanduanes",laborum,Borongan,Nebraska,"American Samoa",818-024-989,143-382-399,"Breitenberg, Harber and Brown",http://www.rohan.com/et-doloremque-et-repellat-quos,"Paper Goods Machine Operator",silver,1997-02-19,alessia24@gmail.com,`Ux6B5qUtQ
638e9e43-d32c-312d-b587-87793db7bb06,Mr.,Desmond,Howell,"07A Kulas Run, Poblacion, Dasmariñas 4353 Quezon",mollitia,Meycauayan,Kansas,"French Polynesia",713-545-465,900-771-365,Howell-Kessler,http://www.veum.info/id-dolorem-nisi-inventore-vel-quam-explicabo-repudiandae,"Central Office",olive,2020-10-04,okeefe.natalia@pfannerstill.org,T;`+uJ/
eaf6c80e-1928-34c1-a524-ae157663e561,Ms.,Aurelio,Lueilwitz,"44 Effertz Tunnel, Poblacion, Las Piñas 7008 Lanao del Norte",veniam,Silay,Montana,Vanuatu,383-579-807,587-336-185,"Smitham Inc",http://www.dubuque.info/,"Home Appliance Installer",maroon,1997-04-20,tgottlieb@yahoo.com,"#fb%&-V.(:zs1bWay<\"
69c7f184-53b7-37e0-8a27-70808caa89af,Dr.,Henderson,Senger,"75 Sanford Harbors Apt. 887, Estancia 9950 Occidental Mindoro",sed,Dasmariñas,Connecticut,Tokelau,157-198-060,761-343-543,"West, Gerhold and Schulist",http://grimes.biz/,"Business Manager",aqua,1986-07-04,aileen.kuhlman@schiller.biz,bp~nAO)J9b$*ri/
a5a683fa-718e-37bf-87ba-8d78ed08a198,Dr.,Dolores,Kuhic,"85/92 Hirthe Fort, San Carlos City 0180 Cagayan",qui,"Trece Martires",Maryland,Comoros,554-344-439,810-039-774,Rowe-Aufderhar,http://schoen.com/commodi-ut-laboriosam-consectetur-explicabo-quibusdam-et-quia.html,"Architecture Teacher",silver,2006-01-24,georgianna40@yahoo.com,"/|B'37L)=,""v;Q:>72!J"
6bf08c28-bfb1-37cf-a6eb-f6633e782550,Prof.,Elton,Morissette,"85 Sanford Shores, Poblacion, Alaminos 7019 Compostela Valley",autem,Talisay,"New Jersey",Romania,037-059-716,453-846-867,Metz-Weissnat,http://www.crooks.biz/enim-esse-in-omnis-fugit,"Fence Erector",purple,1984-12-18,atorp@macejkovic.info,"""s]puR""+aenZ1)Ijn"
8a45c094-1b1b-3e5a-9ec9-b73e1c8969b2,Mr.,Diamond,McCullough,"90 Pollich Skyway, Luna 0666 Southern Leyte",inventore,Cauayan,"New Hampshire",Finland,119-312-134,281-131-725,"Abshire, Strosin and Parisian",http://www.hettinger.biz/qui-rerum-perspiciatis-nobis-aut-autem-sint-voluptate,"Farm Equipment Mechanic",black,1975-08-28,lucile.mcglynn@gmail.com,{vG}|eF??7(O1gakP8.N
d71dccb6-bab1-39c9-9184-d4e03871d081,Prof.,Lottie,Bergnaum,"20A/67 Stamm Mission, Poblacion, Sagay 2798 Quezon",ex,"San Fernando","South Dakota",Serbia,217-947-443,985-287-722,Ebert-Collins,http://www.stokes.net/culpa-exercitationem-non-quia-dolores-nesciunt-autem,"Washing Equipment Operator",gray,1985-01-11,lelia90@hotmail.com,"\wZkxMqL"
694b493c-5da3-3c9f-a8c2-233feaecbf65,Mr.,Henry,Bechtelar,"82A/34 Weissnat Mountains, Santo Tomas 4418 Quirino",voluptates,Lapu-Lapu,Minnesota,Yemen,181-916-105,575-731-421,Ullrich-Farrell,https://www.kautzer.com/sint-quo-ea-dolor-consequuntur-magni,Buyer,black,1980-03-24,torp.bill@gmail.com,"'""'6z/)|SuwJMTp<ic%"
934c68fb-339e-38c0-ba9b-059258976d74,Dr.,Watson,Blick,"46A/77 Christiansen Union Suite 011, Poblacion, Batangas City 7752 Leyte",vitae,"San Fernando","West Virginia",Niger,780-048-821,028-782-418,"Sipes, Cronin and Willms",http://langosh.biz/aliquid-consequatur-quia-autem-maiores-et,"Loan Counselor",yellow,1997-04-13,maye82@hotmail.com,}W_|sonL6Nl3<`b2*z6C
35dfbb4a-bfc0-3ffa-a380-a1123911bc34,Prof.,Tatum,Lueilwitz,"17 Durgan Camp, Poblacion, Dasmariñas 9021 Negros Occidental",eaque,"San Carlos",Wisconsin,Italy,939-715-333,314-746-951,Kerluke-Medhurst,http://www.swaniawski.info/et-unde-sed-minima-consequuntur.html,"Metal Molding Operator",gray,1999-01-26,cole.haley@hotmail.com,"DK/V4"""
2dff1d5c-040f-3475-9fa3-33030d04b198,Dr.,Aditya,Schuppe,"69A/03 Rau Skyway Suite 872, President Roxas 8930 Zamboanga del Norte",eius,"San Pablo","West Virginia",Mali,252-424-426,916-084-778,"Johnson Group",http://www.mitchell.org/,Housekeeper,white,1984-08-07,stehr.mohamed@yahoo.com,"'.wLGJ.giZ*l\Jx49h"
8a3cf9e3-2c21-3a8b-b54f-405db008a44e,Dr.,Brianne,Morissette,"91 Halvorson Lights Apt. 003, Poblacion, Alaminos 5221 Sulu",officiis,Butuan,"New York","Lao People's Democratic Republic",605-257-855,879-439-689,"Kuhic Ltd",http://conn.biz/et-est-suscipit-non-quaerat-animi,"Telephone Operator",silver,2007-11-09,qlind@yahoo.com,gQ}=~zna!
51a2afb2-b2d9-36b8-9150-16d60eb1346d,Prof.,Sheldon,Harber,"52A/68 Cartwright Village Suite 911, Poblacion, Biñan 7291 Agusan del Sur",aliquam,"Santa Rosa",Virginia,Belgium,048-314-227,618-532-081,Labadie-Bartell,http://reichert.com/qui-necessitatibus-et-mollitia-delectus-voluptas-dolorem.html,"Motorcycle Mechanic",aqua,2018-09-15,nicholas10@hotmail.com,"Vok?""\F{Z."
09771a1f-4cb2-3ec8-98e2-f17a269af4bc,Dr.,Titus,D'Amore,"60A Lind Turnpike, Poblacion, Catbalogan 2568 Batangas",et,Batac,Vermont,Estonia,531-538-445,267-597-903,"Kertzmann Ltd",http://mueller.org/et-ut-dolore-quidem-voluptatem,"Pewter Caster",lime,1996-10-17,merl69@ryan.net,e(Zd3?O4R#
58ccddbc-b354-35f7-984c-447294c2a277,Mrs.,Juanita,Collins,"92A/03 McClure Dam Suite 024, Can-avid 6305 Nueva Ecija",cupiditate,Tabaco,Alaska,Azerbaijan,359-687-309,676-907-538,"Torp Group",http://miller.com/nihil-eaque-earum-explicabo-deserunt-aut-cumque-at,"Natural Sciences Manager",silver,1978-03-26,gottlieb.phoebe@yahoo.com,{ogMx(=+
58f523b3-85c6-3c8a-9f44-9b44bbeb7579,Prof.,Anastasia,Nolan,"60 Gaylord Mission Apt. 578, Poblacion, Isabela 5657 Batangas",et,"San Juan","Rhode Island",Chile,030-911-096,246-954-491,"Kemmer Group",http://hahn.com/quia-ut-ad-odio-quas-nihil-est.html,"Musician OR Singer",black,1986-03-09,adella.rohan@hotmail.com,HC:vyJM*UI%fG>obBX5
88a94fa4-d4cb-3ab1-ad81-13715ebff6da,Prof.,Annie,Botsford,"40A/34 Schmitt Wall, Luuk 7426 Catanduanes",reiciendis,Kabankalan,Connecticut,"Marshall Islands",296-391-045,385-661-244,Davis-Kutch,http://ratke.com/,"Computer-Controlled Machine Tool Operator",blue,2017-08-19,carmelo10@gmail.com,bU[c7i=>abx=t@]DCd
11f5b147-9f02-35e3-91ea-de1083b4b819,Ms.,Willis,Bergnaum,"36A Harris Inlet Apt. 195, Benito Soliven 5164 Masbate",corporis,Muntinlupa,Kentucky,"Dominican Republic",628-884-214,185-751-430,Hickle-Carter,http://fadel.com/commodi-similique-fugit-rerum-voluptatem-molestiae.html,"Professional Photographer",purple,1971-03-31,oran.cronin@rippin.com,"[:&\CM#nkYZ>9{]jEF-"
6dc41466-709b-3961-b73e-2bfe22f0fc58,Prof.,Cathy,Wisoky,"27A Thompson Tunnel, Poblacion, Bago 2694 Misamis Oriental",rerum,Lucena,Vermont,"Sao Tome and Principe",863-782-195,605-530-654,"Frami, Wolf and Marquardt",http://www.murazik.info/nam-vel-eaque-quasi-et-ducimus-voluptas,"Adjustment Clerk",aqua,1995-12-22,mayert.karen@hotmail.com,BtVT8OO+T
ba7540b3-9f29-37db-a436-0659a6c6b70b,Prof.,Braulio,Murphy,"71A/88 O'Kon Ford Suite 747, Poblacion, Roxas 2049 Cebu",eos,Antipolo,"New Mexico",Algeria,407-436-431,146-713-080,Powlowski-Rath,http://www.king.com/nihil-consectetur-excepturi-consequatur-reprehenderit.html,"Physical Scientist",lime,1984-08-04,witting.audrey@yahoo.com,^[@j:momMl+*U4v
91231332-8ca7-3b91-b683-4b9fc6fc6d3c,Prof.,Jason,Braun,"32A/91 Rau Camp Apt. 232, Talipao 8985 Benguet",harum,Dagupan,Massachusetts,Tonga,749-716-926,351-005-193,"Hamill, Abbott and Ankunding",http://www.sipes.com/velit-quibusdam-alias-veniam-omnis-recusandae-quos,"Physical Scientist",aqua,1997-09-15,dejah.orn@fahey.com,J7ghkpM78zNDUhG9
73eafd49-a2c9-3dcd-9ada-28ca113a4d41,Mrs.,Hudson,Fisher,"27/67 Dooley Forge, San Isidro 4676 Ilocos Norte",eum,Kidapawan,Missouri,Pakistan,830-200-351,403-239-733,"Reinger, White and Mante",http://yost.com/vero-iure-omnis-ipsam-dolores-explicabo-excepturi,"Horticultural Worker",yellow,2013-04-07,mwisozk@mueller.com,8K&)j*|G:]ReKta8*|
290dcc40-e133-319f-afd9-daa5bdfd3cdf,Dr.,Collin,Little,"60A Purdy Gardens, Daanbantayan 4913 Zamboanga del Norte",dolor,Bacoor,Vermont,Poland,226-130-772,489-421-687,"Tillman, Ward and Kuhlman",http://www.botsford.com/voluptatem-rerum-facere-iste-aspernatur.html,"Administrative Support Supervisors",black,1997-06-11,ahermann@larson.net,f!yQs3&LLYfT(hNV'.[
fae5a483-d7e1-360b-a404-06354118132e,Prof.,Gerald,Abernathy,"75A/34 Osinski Falls, Godod 1019 Basilan",earum,Canlaon,Idaho,Qatar,955-377-202,950-253-232,"Strosin, Reinger and Hodkiewicz",http://www.howe.com/ut-dolorem-porro-dignissimos-id-in.html,"Special Force",purple,1974-12-03,ashley.kreiger@yahoo.com,@1iQ*`4v`xBJs>m)ha;]
8cd3ff53-d25c-3249-9b24-b9487c7f3329,Dr.,Zoe,Goodwin,"95A Kemmer Pike Apt. 958, San Vicente 1255 Compostela Valley",aliquid,Malolos,Washington,Lesotho,096-971-833,715-647-426,"Weimann, Wisozk and Auer",http://www.pfannerstill.com/aperiam-quam-quod-velit-doloribus,"Lay-Out Worker",white,1980-04-09,bret17@schowalter.com,jZfjzrh}E7aH
78b14b23-c6a3-3a27-92b1-38fd6a2f2fc2,Dr.,Walker,Cremin,"62 Lemke Glens, Poblacion, Roxas 7010 Zamboanga del Norte",nesciunt,Iligan,Maine,Kiribati,024-299-094,495-245-921,"Johnston, Turcotte and Kirlin",https://www.schuster.com/itaque-quo-magnam-ut-officiis-aperiam-recusandae-consequatur-qui,"Postal Service Mail Sorter",black,1991-03-16,alf.gottlieb@gmail.com,"KJfCxz,:&"
7288bf45-8c56-3fad-a841-8c003d4c79b6,Dr.,Lavon,Jenkins,"38/83 Collins Inlet Suite 143, San Juan 1030 Bohol",pariatur,Guihulngan,Arizona,Bermuda,415-181-579,097-052-988,"Gibson PLC",https://king.org/culpa-ullam-veniam-consequatur-non.html,"Auxiliary Equipment Operator",blue,1979-05-28,demetrius12@yahoo.com,"d`,n]00?D}cQLh"
d622b90c-3ed1-30dd-a209-cf5ddea7f94b,Mr.,Freeda,Stoltenberg,"53/54 Dietrich Crescent Apt. 988, Mauban 4314 Quezon",voluptates,Valenzuela,Kansas,Serbia,554-696-735,920-708-067,"Hermiston Ltd",http://www.shields.info/sint-dolores-officia-quo-voluptates-magnam-est,Biologist,teal,2005-07-02,rschiller@vonrueden.com,Q#2WX#tgEwHGJh
817778f5-e4fe-36d3-8498-732feb9f9991,Prof.,Kip,Wisoky,"20/58 Hyatt Forges Suite 103, Calanasan 0936 Sorsogon",consequatur,"Masbate City",Alaska,Japan,039-417-932,656-921-362,"Huel Inc",http://www.graham.info/qui-et-assumenda-et-repellendus.html,Epidemiologist,olive,1999-08-29,jkilback@yahoo.com,"u~=9$!gd'$1([~2{s\"
8aab6ec3-a933-30b6-b47f-9320d0c97161,Dr.,Stacy,Jacobi,"38A/77 Rau Crescent, Poblacion, Tandag 4453 Davao del Sur",ut,Mabalacat,Oregon,Pakistan,749-494-945,763-849-105,"Bashirian Ltd",http://www.rice.net/vel-quasi-recusandae-quis-ex,"Drywall Ceiling Tile Installer",white,1974-06-23,lheller@wehner.com,"U0XJryP9/"">hgWvy_0aH"
e88fa989-df38-3a9b-82cf-834bfaa9e4d0,Prof.,Walton,Koss,"10A/31 Jerde Rest, Poblacion, Sipalay 4173 Nueva Vizcaya",neque,Silay,"North Carolina",Zambia,721-640-957,870-080-523,Kessler-Strosin,http://cruickshank.biz/minus-officiis-rem-tempora-velit-id-consequatur-optio.html,"Industrial Engineering Technician",lime,1998-11-17,west.veronica@gmail.com,"_z""&,[8"
412a3df4-51f6-3d5f-b78c-be4eadc8ff03,Dr.,Ramon,Gleichner,"61A/39 Huel Plains, Poblacion, Masbate City 9452 Catanduanes",aspernatur,Dagupan,Delaware,"Hong Kong",607-717-135,870-351-590,"Nolan and Sons",http://www.labadie.net/,Patternmaker,maroon,1973-07-28,uprosacco@hotmail.com,@Y]C~p<x
c0533983-10dc-3dec-905f-9d9b3c2f0a59,Prof.,Rosemary,Harber,"61A Pacocha Harbors Apt. 627, Poblacion, Pasig 1223 La Union",sapiente,Tandag,Missouri,Tokelau,186-571-396,734-831-940,"Klein, O'Reilly and Reichel",http://kutch.biz/aliquid-deleniti-animi-natus-ut-corrupti-a,"Painting Machine Operator",aqua,2001-04-30,terry.athena@gmail.com,~1R2JW
de3f410a-9bb1-3224-b61c-2158973af0a9,Dr.,Trevor,West,"77A/55 Orn Meadow, Mamburao 2774 Surigao del Sur",nisi,Pasay,"South Carolina",Lithuania,096-182-840,355-677-570,"Schmeler PLC",http://goldner.com/autem-exercitationem-nisi-dolorem-eius-consequuntur,"Algorithm Developer",silver,2010-03-22,kwintheiser@hotmail.com,^_=jA{SuO(
1fc1b797-632a-33cd-8990-3c20d4e13f83,Dr.,Cristina,Becker,"23 Kub Lodge Suite 605, Poblacion, Cabanatuan 6012 Lanao del Sur",qui,Lipa,Washington,"Faroe Islands",787-776-624,822-969-638,Rau-Legros,http://www.zulauf.com/,"Construction Equipment Operator",white,1977-04-30,dylan.ziemann@yahoo.com,0KlQYFp0GqKxg`=
a5dc059f-6a1c-39c1-ab81-4623fc88f5a5,Miss,Jarod,Greenholt,"30A/65 Flatley Key, Poblacion, Bacoor 6342 Ilocos Norte",cupiditate,Marikina,"New Mexico",Taiwan,663-580-428,823-211-515,"Mante, Bailey and Walker",https://carroll.net/et-dolorem-atque-aut-est-omnis-sapiente.html,"Floral Designer",black,2021-07-08,sid11@hahn.com,"zmjh]Bh`r,"
b6178e7e-5343-3bc0-8a8d-b3b5f9478636,Dr.,Mariane,Dibbert,"69 Mosciski Island Suite 720, Libertad 6363 Abra",sint,Valenzuela,"New York",Lesotho,895-759-787,091-845-965,"Padberg Group",http://www.schmeler.net/,"Social Service Specialists",purple,2017-05-04,arnulfo81@mckenzie.com,vMBH^LkHxY()
ea7d02e7-5181-345e-a475-0fc7d18e1c73,Mr.,Zackery,Feest,"90/22 Beer Throughway Apt. 153, Piat 7896 Bataan",quasi,"San Fernando","North Carolina","Saint Kitts and Nevis",206-091-505,791-200-973,"Thiel, Bradtke and Bruen",http://okuneva.biz/quam-aliquid-dolor-consequatur-quis.html,"Technical Specialist",white,2018-06-16,goyette.winona@swift.com,Oj~zoa
86e0e017-705e-3052-98e5-f653fb70a43e,Mr.,Melvin,Hand,"90 Leannon Meadows, Poblacion, Bacoor 4593 Davao del Norte",voluptatem,Balanga,Kansas,Jordan,852-542-823,595-790-774,"Lehner LLC",http://davis.org/dolor-tempore-nemo-doloribus,"Refinery Operator",green,2010-04-13,nklein@anderson.org,M+%3s}
67a8f310-7a88-3c58-88ed-13dacf89ba4e,Miss,Ed,Jones,"05A Hammes Divide Apt. 897, Poblacion, Victorias 6812 Mountain Province",eos,"Surigao City",Oklahoma,"Sri Lanka",338-259-816,465-324-131,"Little Inc",http://www.orn.com/qui-ipsum-esse-non-molestiae-harum-facilis-ut,Recruiter,aqua,1999-11-05,lprosacco@eichmann.net,x=VPMe>n-faWP}
50773656-778f-39f7-a16e-9fd86d917424,Miss,Stella,Mann,"94A Frami Streets Suite 928, Poblacion, Lucena 7542 Agusan del Norte",cupiditate,Cabadbaran,Minnesota,"South Georgia and the South Sandwich Islands",984-764-983,472-629-685,"Daugherty PLC",http://gleason.com/iste-pariatur-sapiente-qui-sed,"Metal Worker",teal,1977-06-18,raynor.gertrude@deckow.biz,AAXmHMzw
0343b5ea-8cb8-3f38-9313-825d34279ea6,Prof.,Waldo,Wilkinson,"75 Osinski Mall, Jasaan 7542 Bataan",rerum,"Tarlac City",Alabama,"Kyrgyz Republic",595-884-898,403-815-004,"Metz, Senger and Gerhold",http://www.anderson.com/,"Middle School Teacher",yellow,1998-03-18,lloyd97@dicki.org,"apz\!`<3792V?u%N1"
807d3cfd-5a0b-34c3-9e4f-39af853574b9,Prof.,Alexandro,White,"05A Harris Parkways, Peñaranda 8308 Antique",minus,Naga,Mississippi,Cuba,596-473-133,057-162-082,"Spencer Group",http://turcotte.com/omnis-et-ut-sit-qui-sapiente-repellat,"Food Science Technician",black,2003-12-12,zmarks@armstrong.com,kBJw6T
cf18d99a-79e6-383b-9b4c-e3fe11ad7463,Ms.,Stewart,Terry,"32A Stokes Plains, Poblacion, Koronadal 7504 Bataan",beatae,"Cavite City",Virginia,Armenia,625-309-877,146-053-927,"Okuneva, Hermiston and O'Keefe",http://www.rohan.biz/,"Agricultural Sales Representative",navy,1995-01-22,maxime31@zboncak.com,"$z\D1EEjWrtmV""`{:6oZ"
043cd2cb-89e4-3d41-9ac8-9cdda8b4a59c,Dr.,Eliza,Mante,"28/19 Steuber Highway Apt. 053, Talisayan 8777 Romblon",dolorem,"Surigao City",Florida,"Palestinian Territories",939-382-790,511-580-564,"Schowalter Group",http://www.sipes.info/numquam-harum-reprehenderit-consequatur-possimus-possimus-et-doloremque.html,"Audio-Visual Collections Specialist",olive,1981-10-13,kathlyn.barton@yahoo.com,"""B""~_uS+-C"
316ce1e7-7d72-3a15-929f-53552e8e9418,Prof.,Alvis,Willms,"14 Bauch Roads, Cadiz City 4706 Abra",eaque,Mati,Minnesota,Armenia,439-093-073,853-910-764,Kohler-Thompson,http://hermiston.com/eos-est-pariatur-voluptates-et,"Record Clerk",black,1976-12-09,ebert.izaiah@hotmail.com,sqmqr'nNM5
69e6ca2c-0c87-3756-a91b-6e029fb7192b,Dr.,Kurt,Steuber,"73A/34 Wehner Squares Suite 243, Tagoloan 3754 Occidental Mindoro",placeat,Panabo,Tennessee,Mayotte,320-267-902,697-552-394,"McCullough Inc",http://tillman.com/tenetur-sed-dolore-eaque-dolorem-optio.html,"Health Technologist",aqua,2007-10-27,robb.mraz@yahoo.com,"8Jy8KG}zWq.{'*B""("
61c44336-6fba-34ff-83a6-ffece1ad13f2,Dr.,Johnpaul,Ritchie,"92 Armstrong Court, Poblacion, Surigao City 7221 Sorsogon",ad,Digos,"New Hampshire",Bulgaria,531-122-591,630-693-229,"Heidenreich, Marvin and Okuneva",http://www.rippin.com/,"Packer and Packager",silver,2018-09-04,ansel43@hotmail.com,"~d6cZDn\["
34ab06c2-88b5-3558-981a-464f7ed59f44,Dr.,Tod,Daniel,"53 Hessel Extension Apt. 861, Bacolod 7777 Bataan",voluptas,"Trece Martires",Utah,Cyprus,152-921-153,256-833-751,Kerluke-Price,http://collier.com/qui-occaecati-esse-beatae-et-incidunt-optio,"Mold Maker",yellow,1990-04-09,okeefe.keyon@yahoo.com,"!sP>A6,P!]?7@W1A3pD\"
c77fb42f-640e-3e05-a737-bdb60a2cf792,Dr.,Helena,Cormier,"88A/47 Simonis Pass, Tapaz 1948 Misamis Occidental",et,Cabadbaran,Maine,"Isle of Man",040-102-914,554-859-213,"Fay, Fahey and Huels",http://hettinger.com/,"Respiratory Therapist",blue,1984-12-27,paucek.horace@keeling.com,"ereB1iw/1,mY$eke<`9"
ba224ca8-e682-35c7-ba86-3c62ffb1792d,Mrs.,Everardo,Gaylord,"75A/25 Rodriguez Shoal Suite 099, Poblacion, Passi 7776 Basilan",aspernatur,"San Pablo","New York",Madagascar,351-313-946,665-604-565,Haag-McCullough,http://champlin.org/quaerat-aliquam-ratione-deserunt-eum-et-enim-ut-inventore,"Media and Communication Worker",black,1987-12-19,gharber@littel.com,P6)Y>=
2da97439-27a4-3cc1-9f7d-6e36d8b7e198,Mrs.,Isidro,Leuschke,"63A/67 Hahn Station Suite 499, Poblacion, Borongan 6114 Cavite",temporibus,"San Pedro",Washington,Nauru,916-516-135,949-013-020,Streich-Bergstrom,http://www.paucek.com/sint-aperiam-natus-incidunt-praesentium-quia-reiciendis-unde,"Pharmacy Technician",purple,2015-01-30,madelynn08@mosciski.com,"I.(,{~b]{}'J+n"
b9facc8e-9c31-3d9a-8c61-43de3776951d,Mr.,Elfrieda,Wisoky,"89 Witting Harbor Suite 824, Poblacion, Lipa 1973 Bulacan",id,"Santa Rosa",Vermont,Bulgaria,746-485-308,674-069-650,Herzog-Fritsch,http://runte.net/excepturi-cum-non-id-quaerat-quos,"Carpenter Assembler and Repairer",silver,2008-01-10,areichel@gmail.com,MLBJg%VE
dc2a3dc6-9770-35f8-914d-09b5be7f81d5,Dr.,Jewel,Kihn,"48A Boehm Street Suite 962, Taytay 3186 Camarines Sur",hic,"Batangas City",Connecticut,Grenada,024-391-930,241-328-030,"Bashirian Group",https://www.schneider.info/id-omnis-doloremque-iste-dolorem-cumque-qui-in,"Manager of Weapons Specialists",olive,2020-04-25,schoen.merle@bahringer.com,s2S$|IQUeK7Id^
2e80a375-c1dd-35cc-b27a-bbc8e041de54,Mr.,Dedric,Ebert,"17 Wehner Hill, Masiu 3947 Misamis Oriental",nemo,Oroquieta,Alabama,"Cook Islands",800-442-093,176-620-397,"Macejkovic Inc",http://www.prohaska.com/,"Musician OR Singer",fuchsia,2020-04-19,alphonso.halvorson@gmail.com,#1A[zGEa_A('<{CM)y9W
0bbc656b-cb12-39b4-a0e7-03b5a8b9542c,Prof.,Jazmin,Hagenes,"48A/30 Erdman Springs, Talibon 6084 Agusan del Sur",nulla,"Cotabato City",Kentucky,"Russian Federation",275-147-980,451-970-300,Renner-Schiller,http://kiehn.org/dignissimos-aut-autem-enim.html,"Precision Dyer",lime,2002-05-09,selena.pouros@crooks.com,"9\4-a#"
6be7ac0e-c683-3b1a-889d-416d32046d43,Ms.,Zachary,Nikolaus,"61/58 Kulas Forks Suite 787, Binuangan 0928 Camarines Norte",architecto,Mati,"West Virginia","Equatorial Guinea",257-563-426,819-889-498,"Schultz PLC",http://www.bailey.com/,"Railroad Conductors",white,2019-04-30,goldner.gust@sporer.net,35%_^5=7.HQYS
8d2f6a7e-0ea8-3459-8d21-f4e0697564c8,Prof.,Alena,Gerlach,"12A Paucek Road Apt. 394, Kolambugan 6970 Negros Oriental",praesentium,Ligao,"District of Columbia","Slovakia (Slovak Republic)",249-903-926,339-010-039,Tillman-Hodkiewicz,http://www.hickle.com/omnis-consectetur-quia-officiis-est-eum,"Account Manager",purple,1985-07-01,ydamore@hotmail.com,"X,Gpbz?E!)kw@K9k,&["
aa6817e9-f480-3087-a42c-6874507a5c8b,Prof.,Braxton,Kuvalis,"18/91 Hammes Overpass Apt. 603, Lemery 0360 Isabela",aspernatur,Iriga,"South Dakota","Falkland Islands (Malvinas)",552-486-734,630-753-917,"Keebler and Sons",http://smitham.net/sint-fugiat-voluptas-eligendi-in-ab-velit-ut,"Commercial Diver",yellow,2007-11-04,ignacio.goldner@kling.com,Qu4_-M>3H)I3
1813d6c4-82e8-3c5d-9238-049b14c6b3db,Mr.,Dalton,Lehner,"65A Tromp Plain, Al-Barka 5974 Abra",odio,Bayawan,Utah,Sudan,015-041-673,628-010-682,"Armstrong, Volkman and Carroll",https://www.hansen.com/enim-tempora-qui-ut-optio-officia-quod,"Letterpress Setters Operator",purple,1996-01-26,lehner.shanny@hills.com,Iy5cSG)HG)[.6./3^
b82c1593-44c4-3f45-939f-844868ff2979,Mr.,Carolyn,Gulgowski,"56 Hoeger Rest, Poblacion, Iriga 8327 Ilocos Sur",dicta,Lamitan,Michigan,Aruba,296-665-818,489-631-463,Jakubowski-King,https://gottlieb.net/et-a-ea-eveniet-aut-distinctio-quidem-exercitationem.html,"Marketing Manager",black,1976-06-21,cterry@yahoo.com,",@F^3~>I"
e7262cc1-3c06-37bf-a658-43b6944b4503,Ms.,Josh,Bahringer,"68 Ortiz Coves, Paranas 6152 Tarlac",molestias,Valenzuela,Vermont,Nauru,928-232-095,946-757-938,"Shields, Spinka and Klocko",https://www.mills.net/et-molestiae-libero-ex-rem-quibusdam-impedit-corrupti-vero,"Real Estate Broker",gray,1973-01-21,xabbott@gmail.com,zp.ejn([x;u~
79bab0cd-eea5-38ff-b592-f20125236c72,Dr.,Mariela,Mueller,"49A/26 Wunsch Highway, Kitaotao 9457 Catanduanes",accusantium,Kidapawan,Maryland,"Antarctica (the territory South of 60 deg S)",195-873-134,124-307-246,"Friesen, Koss and Ebert",http://luettgen.com/sint-aut-sit-quia,"Terrazzo Workes and Finisher",teal,2016-07-14,verdie.kiehn@bergnaum.com,xi(!0L
3a4dc86d-9b30-3894-8c72-bd0fbe675c80,Dr.,Jess,Volkman,"59/43 Metz Extensions Apt. 494, Poblacion, Carcar 8151 Compostela Valley",reiciendis,Tagbilaran,Oregon,Moldova,920-569-911,995-249-942,Herman-O'Reilly,https://www.beahan.biz/et-laudantium-in-rerum-est-tempore-asperiores,Welder-Fitter,purple,1999-12-08,scrist@kshlerin.com,XJWS+=Ydt~yUgY;)`
e829a540-8cb6-3570-85a2-64b2e252d625,Miss,Mary,Johns,"27/95 Hammes Parks, Libertad 8585 Ilocos Sur",qui,Pasig,Georgia,"Saint Kitts and Nevis",312-699-432,105-653-158,"Roberts Inc",http://skiles.com/,"Product Promoter",aqua,2017-05-06,jules14@wintheiser.net,Wmy1$:Vi|#652zP1/F
976d7834-79e9-3fbb-8233-54d3fc5fcc80,Mr.,Trace,Gorczany,"27A/86 Wuckert Circle Suite 472, Poblacion, El Salvador 8781 Zamboanga del Sur",ab,Mati,Kentucky,Cuba,838-165-356,381-266-927,"Bins PLC",https://www.bogan.net/exercitationem-tempora-odio-vero-ratione,"Statistical Assistant",navy,2006-09-30,bradly.ernser@rosenbaum.com,}g3LnAit%7Q9oBy
abe749dd-44bc-347f-b5bd-950fd0e5c963,Ms.,Madilyn,Zieme,"82/20 Heller Mall Apt. 007, Luna 1974 Mountain Province",quia,Gapan,Delaware,"Saudi Arabia",040-211-542,441-376-096,"Ward, Carroll and Renner",http://www.emmerich.com/,"Welding Machine Setter",silver,1984-10-11,constantin.wisozk@cummings.com,SOAhZ{6a=nW@t~
c842f51e-2971-3b05-85ff-c94317a8f112,Mrs.,Baylee,Hodkiewicz,"54A Bechtelar Fort, Suyo 5395 Southern Leyte",quisquam,Escalante,Delaware,"Turks and Caicos Islands",467-378-827,595-003-344,Davis-Hartmann,http://www.armstrong.com/animi-debitis-laudantium-qui-perspiciatis-quasi,"Recyclable Material Collector",black,1997-09-22,dcorwin@yahoo.com,]4DOy*]n$[Ny1qo%
c360f39e-d7f8-328a-a923-8fc83e6eb26e,Mr.,Deanna,Schumm,"99 Ruecker Squares Apt. 398, Enrile 7629 Lanao del Sur",natus,Cauayan,Vermont,Lithuania,764-985-651,918-145-333,"Smitham LLC",https://www.stiedemann.biz/impedit-et-nostrum-eum-omnis-porro-a,"Landscape Architect",aqua,1991-04-26,moore.meta@stracke.com,"@^Y}gtSc4"";.<>-"
2f9d0270-15d8-3c03-b18e-568f45288cd4,Prof.,Kale,Wehner,"24 Windler Lake, Poblacion, Las Piñas 1514 Misamis Oriental",soluta,Biñan,Wisconsin,Korea,841-705-993,763-181-862,"Zieme, Hyatt and Kuphal",http://monahan.info/maxime-aut-exercitationem-sunt-consequatur-est,"Atmospheric and Space Scientist",lime,1992-08-28,guillermo91@wilderman.com,Zg8~DS'
52715bfc-5196-30c1-8463-f5ae8c0195b7,Mrs.,Summer,Raynor,"05A/77 Fisher Plains, San Jacinto 1237 Compostela Valley",et,"San Pedro","North Carolina",Tajikistan,179-161-844,799-980-367,Glover-Rolfson,http://www.ryan.com/eligendi-culpa-nihil-dolorum-sint.html,Actor,silver,2000-12-04,zblock@gmail.com,Bb:0}#Pj#vd3EgySR
dd300557-f8b9-3dd4-a3db-9c42e1504cda,Miss,Bernard,Douglas,"89 Windler Keys, Poblacion, Makati 8640 Catanduanes",incidunt,Tanjay,Minnesota,"American Samoa",830-161-000,446-647-607,"Baumbach, Crona and Anderson",http://gutkowski.com/officiis-dignissimos-quis-qui-incidunt,"Travel Agent",olive,1998-11-30,ohermiston@stoltenberg.com,W2QtQ$+I
480be11f-a5a3-34f3-84fe-299b7081320e,Prof.,Jody,Schumm,"26A O'Conner Knoll Apt. 178, Poblacion, Victorias 8828 Zamboanga del Norte",voluptatem,Mati,Ohio,Armenia,719-256-253,098-432-176,Goldner-Towne,http://weissnat.biz/quia-ut-error-alias-aliquid-doloremque-eligendi,"Roof Bolters Mining",olive,2012-07-03,faye.kirlin@kozey.com,.vqIyZIWTB2viDCIRv%
e5432d61-976a-3bc0-991a-493f344c904b,Ms.,Cordie,Sipes,"21A/20 Schuster Square, Oslob 8756 Davao del Norte",minus,"San Jose",Missouri,Panama,537-476-504,445-139-660,"Blick Group",http://oberbrunner.com/,"Advertising Sales Agent",silver,1997-01-28,brayan08@hotmail.com,O(trMqjS$
5c8dc473-36c2-3dfc-8941-552e6842ab59,Prof.,Keyshawn,Jerde,"24 Fahey Drive, Matalam 9428 Kalinga",dignissimos,Caloocan,Pennsylvania,"Saudi Arabia",504-057-892,408-529-390,Mayer-Pagac,https://strosin.biz/assumenda-quo-autem-tempora-voluptates-aut-qui-illum-aut.html,"Food Science Technician",maroon,2020-09-10,kaitlyn.runte@yahoo.com,#.XCP}LC
d51605d3-52c7-38f2-978a-b36593fcce40,Dr.,Colby,Satterfield,"85A/25 Johnston Spring, Cervantes 7175 Kalinga",ab,"Santa Rosa",Tennessee,"British Indian Ocean Territory (Chagos Archipelago)",027-322-611,758-584-352,"Cassin and Sons",http://waelchi.info/ea-et-aut-consequatur-ut-quia-ipsa-placeat,"Hazardous Materials Removal Worker",green,2012-10-23,zroberts@halvorson.com,k2A;s^)TvvHZ.m
382742cc-1368-3314-b75e-00c7629ca9d2,Mrs.,Billy,Conn,"08A/73 Wyman Summit, Mabitac 2718 Palawan",consequatur,Iriga,Indiana,"Papua New Guinea",557-596-925,722-321-972,"Herzog, Kulas and Shields",http://macejkovic.biz/,"Precision Lens Grinders and Polisher",blue,2001-07-31,sherwood27@yahoo.com,rtSHg[
5a879a5b-2034-375a-b961-763112d7adda,Dr.,Damion,DuBuque,"16A/47 Schneider Bypass, Poblacion, Tabaco 3328 Zambales",fuga,Dapitan,Alaska,"Trinidad and Tobago",554-274-188,549-576-439,"Huel, Price and Brekke",http://www.tremblay.biz/aperiam-provident-ex-expedita-similique-porro-aspernatur.html,Surgeon,blue,1982-07-28,miller.conn@hotmail.com,oULzF](-m
cae16646-26c6-37ed-9001-708bb94977f0,Mrs.,Bella,Howe,"58/67 Block Flat, Poblacion, Alaminos 1939 Camiguin",sed,"San Juan","New Mexico","Sao Tome and Principe",305-315-401,575-828-604,"Cormier, Rogahn and Eichmann",http://www.wyman.org/voluptatem-rem-rem-omnis-molestiae,"Woodworking Machine Operator",gray,2001-08-03,lavinia.koss@doyle.org,e`0HU@6'GUC>
6879ce0e-1fd6-3990-8b64-ee87f68281ed,Miss,Keshawn,Koch,"02A Mante Meadow, Jipapad 9040 Misamis Occidental",enim,Danao,"North Dakota",Tajikistan,080-635-296,568-059-239,"Purdy LLC",https://www.kuhlman.com/omnis-laborum-voluptatibus-recusandae-odit-voluptates-nobis-ut,"Medical Transcriptionist",lime,1976-09-19,marguerite55@gmail.com,xJ=_(nR;4e%)9Kz?{r
a7f0471f-7408-36e4-b9f2-f70493fb7073,Mr.,Chloe,Osinski,"09A/03 Rau Rest Suite 635, Poblacion, Cebu City 6340 Camarines Norte",laboriosam,Biñan,Iowa,Dominica,588-198-449,705-010-155,"Casper, O'Connell and Franecki",https://brakus.biz/et-exercitationem-iste-ea-eveniet-modi-velit-quo.html,"Real Estate Association Manager",silver,1973-01-19,sabrina.kilback@gmail.com,9Q3fVa}m9DJ~zG3Ew25
197aeba6-6e93-33ab-ba9c-f247cfb47c98,Miss,Asa,Von,"51/78 Lueilwitz Bridge, Piagapo 9719 Lanao del Sur",iusto,Baguio,Washington,Liechtenstein,839-396-692,780-541-839,"Reinger PLC",https://balistreri.org/qui-quo-voluptates-in-non-voluptas.html,"Occupational Health Safety Specialist",gray,1991-06-27,hammes.levi@hotmail.com,"aD_#D7-OVR0""Dq"
2cc997cd-6cd9-3959-9a7d-6c21391d052a,Mrs.,Deven,Watsica,"64A Nicolas Pine Apt. 132, Poblacion, Cabanatuan 2251 Bulacan",est,"Puerto Princesa",Georgia,Kenya,418-782-606,267-978-438,"Schuppe, Lubowitz and Leuschke",http://www.schamberger.com/ea-et-officia-optio-et-et-culpa,"Segmental Paver",blue,1972-03-04,whitney.rau@russel.biz,FbL(d*DvPe>
4977a15b-5d71-3ca8-b449-6c5252cf67ff,Ms.,Irving,Bartoletti,"60/64 Bogan Summit Apt. 453, Poblacion, Ozamiz 5600 Davao Oriental",non,Talisay,Wyoming,Ireland,542-444-921,686-790-567,"Prohaska, Gutmann and Oberbrunner",http://romaguera.com/harum-est-ullam-consectetur-a-et-itaque-qui.html,"Information Systems Manager",aqua,2004-02-12,keebler.millie@yahoo.com,BoE{@O'&.Jki3t_s
e029e5ac-4344-346a-bece-1db9ed295afa,Mr.,Bernard,Rice,"64A/93 Reichert Oval, Asturias 5878 Ifugao",non,Olongapo,Michigan,"Western Sahara",661-327-300,045-055-941,"Leuschke, Quitzon and Carroll",http://www.bednar.com/qui-rem-quos-quia-fugiat,"Computer Hardware Engineer",yellow,1975-10-12,dimitri.schroeder@keebler.com,"e4HK@\Dy*u"
ca3c00f9-75f4-32bd-a2bb-6742774dd564,Dr.,Kailey,Pouros,"24A Block Motorway Apt. 953, Poblacion, Zamboanga City 5634 Lanao del Sur",nostrum,Panabo,"West Virginia",Somalia,615-356-594,979-010-096,Kessler-Rutherford,http://feil.com/,"Freight Agent",lime,1993-05-27,cmiller@gmail.com,"!<""3ooF~.1"
4089f0d5-d3c2-3e01-9132-f211c4da2ab9,Miss,Trever,Lind,"17/84 Ebert Island, Poblacion, Maasin 4141 Ifugao",voluptas,"Cavite City",Missouri,Jersey,337-073-559,463-062-382,"Bartell and Sons",http://www.reichert.org/nobis-non-voluptates-et-et-impedit.html,"Mechanical Engineering Technician",white,1980-07-02,ihahn@gmail.com,"]PX'M0]z2:D""]`AB03&"
19a3f3ca-a6f6-3b32-8606-ba1e33eea9bb,Ms.,Gregoria,Gorczany,"57A/74 Eichmann Course Apt. 803, Kabugao 3689 Agusan del Norte",dolor,Lipa,Iowa,Andorra,695-357-830,511-670-924,"Murphy Ltd",http://kuhlman.com/sint-sapiente-perferendis-eos-praesentium,Geoscientists,fuchsia,1979-07-17,bogisich.westley@graham.org,<3dVW+
a61c0fb9-9685-3c2c-9fc5-5f6d7ada3344,Mr.,Izabella,Thompson,"23/94 Wisoky Fork Suite 310, Poblacion, Cavite City 4518 Catanduanes",quos,Isabela,Illinois,Jersey,412-787-735,772-706-714,"Welch and Sons",http://huel.com/,Brazer,green,2008-02-20,odie.adams@waters.com,"zX~wuT""#Yd<w"
a4d52858-723c-37aa-b5ff-14a0fd1229b8,Mr.,Camron,Trantow,"11A Dach Unions Apt. 252, Puerto Galera 8607 Sulu",quia,Borongan,"District of Columbia",Cameroon,593-104-742,589-484-881,Stroman-Altenwerth,http://www.braun.com/,"Record Clerk",blue,2004-10-27,reyna60@gleichner.com,"U/m@Py"""
6ae99d1c-9f75-3235-8123-68f8b7251544,Prof.,Misael,Hackett,"89/46 Langworth Glens, San Antonio 9836 Romblon",maiores,Canlaon,Illinois,"Costa Rica",856-302-445,924-050-775,"Doyle and Sons",http://www.kerluke.com/,Clergy,fuchsia,2000-10-01,evert.flatley@schulist.com,|'EQ<_mYa&XB;#8-Pg.
f52d6224-71ea-326e-8c19-d5ee0e10b9aa,Dr.,Liliane,Hermiston,"90/14 Schneider Locks Suite 898, Poblacion, Panabo 4871 Aklan",rem,Koronadal,Alabama,Nepal,724-445-948,449-461-764,Dare-Fahey,http://www.keeling.biz/officiis-ullam-ea-nulla-quo-et-doloremque-qui-consequatur,"Funeral Attendant",teal,2017-08-16,hollie38@dickinson.com,jhz^P]~-3/TCNkF
b49d85b9-d68c-3cd7-aea9-e6bfa57da56b,Prof.,Eveline,Denesik,"48A/17 Schmitt Skyway, Poblacion, San Pablo 9761 Bukidnon",eveniet,"Quezon City",Oregon,Malta,708-169-133,702-437-662,"Boehm LLC",http://koch.net/cum-qui-velit-doloribus-nemo-quis-cupiditate,"Producers and Director",navy,2008-12-21,parisian.roselyn@waters.com,"0!W9]""H#-Z:rf"
72490596-249c-3669-94a5-982b7ab9bae2,Prof.,Heidi,Nader,"70A Harvey Pine Apt. 545, Kitcharao 9236 Iloilo",sapiente,Calbayog,"New Hampshire",Monaco,162-964-349,633-110-488,"Stanton Inc",http://www.nienow.biz/quidem-aut-aut-nisi-doloremque-natus,"Visual Designer",gray,1996-07-10,mosciski.nicklaus@schiller.com,SJy_<vnc;3D
deff93ac-b891-3a05-833c-f7037694397e,Dr.,Elisa,Ondricka,"18 Mitchell Way Apt. 527, Tabuelan 7495 Batangas",ea,"General Santos",Wisconsin,"United States of America",858-569-346,686-271-824,McLaughlin-Kertzmann,https://www.johns.com/minus-quam-rerum-earum-corporis-consequatur-omnis-placeat,"Machine Tool Operator",teal,1997-05-29,moen.claire@konopelski.com,oj.I9Ba9B'
00c0c8cc-d459-3286-817c-29b616989a9c,Dr.,Ernestine,Stracke,"28A/75 Leannon Throughway, Poblacion, Manila 6706 Nueva Ecija",possimus,Oroquieta,"Rhode Island",Malaysia,305-918-729,821-702-573,"Swaniawski Inc",http://www.cole.info/explicabo-corporis-doloribus-adipisci-aut-dolor.html,"Emergency Medical Technician and Paramedic",silver,2012-09-18,istanton@shanahan.info,KcYdu.I=tn+hn.-
d94151f5-89a5-30da-9d9d-604ae5b49f84,Mrs.,Grover,Huels,"83/29 Kunze Forge, Bayombong 8257 Negros Oriental",laborum,Manila,Wyoming,Gambia,494-744-468,915-658-598,"Simonis LLC",https://bogisich.info/ut-nobis-dolorum-eveniet-quas.html,CSI,gray,1981-11-13,kenyon42@ryan.com,ABe(}$VF^e(c/
923d9ff5-2ccd-3c49-a4de-404ce1a5ceee,Prof.,Stephon,Romaguera,"20/56 Ward Square, Poblacion, Cabuyao 0810 Tarlac",repellat,Talisay,Ohio,"Cote d'Ivoire",847-058-838,832-080-979,"Jakubowski, Olson and Daugherty",http://morissette.com/quos-aut-ipsa-aperiam-eveniet-nulla,"Textile Machine Operator",olive,2015-08-02,delores.cummerata@gmail.com,"8Ij!vDLkPYjS\4e-yh%"
03554c94-273c-332f-9759-a25ff72077b2,Prof.,Walker,Spencer,"69A Hermiston Summit, Poblacion, Kidapawan 7595 Cavite",cumque,"Tarlac City",Missouri,Mongolia,890-633-410,613-368-268,Kautzer-Johnson,http://www.nicolas.com/nostrum-debitis-quia-officiis-id-est-similique-facilis.html,Electrotyper,white,2023-09-15,murl71@doyle.com,5h*^DtSa1C:W9PkCPzW
42fb87ac-d9a0-34f0-9fb5-6acce1f882a7,Miss,Romaine,Zieme,"63A/90 Monahan Motorway Suite 509, Poblacion, Talisay 8548 Sulu",modi,Palayan,California,Tunisia,679-062-631,656-450-622,"Christiansen, Boyle and Weimann",http://ankunding.com/sunt-sed-atque-molestias-veritatis-dicta-qui-voluptatum-quod,Baker,maroon,2004-07-10,terrence.feil@medhurst.info,"n)d""C7+m[@K)N2h~P"
e1ca0af6-f6cc-379b-bfcb-fe4eb578e06e,Dr.,Bettie,Gusikowski,"63A Reichel Heights Suite 768, Poblacion, Meycauayan 2507 Sorsogon",recusandae,Escalante,Idaho,Sudan,949-519-374,294-758-105,"Kuhic, Harris and Huel",http://towne.info/et-aut-eos-quas-veniam-officiis-sint-molestiae,"Personal Service Worker",white,1976-03-24,otho.daugherty@hotmail.com,#K7<'/F2XP`k
15095957-6d76-3ec4-ba16-e280c1b6a53e,Dr.,Malinda,Medhurst,"72A Moen Heights, Palo 3101 Romblon",non,"El Salvador",Arkansas,Indonesia,752-646-615,301-562-444,"Waelchi, Hoeger and Funk",https://www.bauch.com/exercitationem-iusto-voluptas-tenetur-dolorem-eum-quis,"Construction Manager",maroon,2003-03-03,sherwood22@hermiston.org,":m4e\VxV@~[}lIdy"
1d46156c-540c-32ee-9819-ccf65c9906d6,Mr.,Terrence,Effertz,"60A/08 Morar Ridges Suite 500, President Quirino 7896 Isabela",excepturi,"San Carlos",Oregon,Guinea,580-987-494,104-288-409,"Green, Bruen and Considine",http://www.pouros.com/,"Recreational Therapist",teal,2000-12-27,olaf.predovic@rosenbaum.com,d/tU=Ac%
3f54574c-8404-30a1-bd71-94de8dcb62ea,Prof.,Hildegard,Simonis,"75/80 Gutmann Dam Apt. 122, Poblacion, Kabankalan 4259 Catanduanes",voluptatem,Cauayan,"North Carolina",Macao,671-010-956,637-709-053,Mertz-Ziemann,http://www.ruecker.com/quia-rerum-laborum-est-dolores-qui-officia-aperiam,"Welfare Eligibility Clerk",blue,1993-10-03,treutel.nathanael@hotmail.com,"vop$P^m:xj&$0;:"""
df172624-f538-329d-a8c0-1d22a49a4fe7,Prof.,Ena,Hackett,"50/60 Rath Fall Suite 748, Lamitan City 1817 Siquijor",quis,Bogo,Wisconsin,Mauritania,252-722-349,805-594-496,"Funk, Prosacco and Schroeder",http://www.ruecker.com/deleniti-saepe-voluptatem-dignissimos-velit-incidunt,"Record Clerk",navy,2015-08-10,cordie.glover@yahoo.com,"-eg@x<*yZbx\t|V"
3171814b-67b7-36a4-9203-6be3e641d9d2,Ms.,Josefa,Jones,"44A Pagac Parkways, Poblacion, Malabon 1760 Samar",iure,Caloocan,Ohio,Ukraine,582-014-641,151-727-001,"Wyman Inc",http://spinka.com/tempora-aut-rerum-voluptates.html,"Hotel Desk Clerk",gray,2001-01-07,iliana59@hirthe.com,"Ttem\zk"
6f6637eb-1e2e-3235-8873-d9ec3cba3940,Dr.,Broderick,Corwin,"64A Lang Orchard, Malitbog 6926 Northern Samar",eos,Mati,Minnesota,"Saudi Arabia",802-491-930,084-853-470,"Lemke Group",http://bernhard.net/vitae-temporibus-repellat-voluptas-est.html,"Crane and Tower Operator",white,2011-05-15,gregorio82@hyatt.com,wTT;ZSMjz+q/2F:>q9
8f7e8b80-587e-3df1-83b9-74ed8368dd58,Prof.,Georgette,Simonis,"28 Huel Ford, San Nicolas 2831 Batanes",et,Baybay,"North Dakota",Eritrea,272-998-298,947-469-426,Bernier-Jenkins,http://weimann.net/itaque-quo-voluptatem-quia.html,"Insurance Sales Agent",white,1974-01-11,lavada.conn@ritchie.com,"Qm&UNlZE,KE"
2f693506-5b5d-3933-8f6e-265fa5460ac2,Miss,Maximo,Russel,"10/13 Oberbrunner Views, Iloilo City 7375 Davao Oriental",voluptas,Maasin,Florida,Argentina,159-070-325,369-851-752,"McClure and Sons",https://reichel.org/autem-sit-sed-cupiditate-distinctio-voluptas-et.html,"Septic Tank Servicer",fuchsia,1989-04-09,marguerite06@gmail.com,_mIm]oB&cJ
194af8b0-6ea0-359c-9771-c652b560b06a,Miss,Eddie,Howe,"57A/98 King Extension, Poblacion, Pasig 4886 Lanao del Sur",labore,Silay,Hawaii,Kazakhstan,208-757-220,793-768-629,Purdy-Rutherford,http://www.jacobs.net/quia-blanditiis-et-odit-commodi-aut,"Library Science Teacher",gray,2002-08-17,pouros.braulio@okon.com,skOw6K
5f78aea1-ce0c-3f50-b75c-5e2ec7e8ce54,Mr.,Willa,Sipes,"56 Legros Shoals, Poblacion, Malolos 5669 Northern Samar",et,Panabo,Arizona,"Papua New Guinea",047-897-587,011-133-356,"Harvey, Conn and Greenholt",http://kunze.org/laborum-repellendus-temporibus-tempore-dolorum-est-ipsum,"Coating Machine Operator",navy,1995-12-11,rodger.ullrich@yahoo.com,^jAYI-r4XgKKO(~:{k
eba9c407-472d-3f7b-9367-d920da793d50,Dr.,Silas,Schowalter,"87/92 Zemlak Corner, Poblacion, Mandaue 9775 Guimaras",et,Tandag,"South Dakota",Croatia,893-870-555,296-955-629,Block-Barrows,http://www.ankunding.biz/maxime-animi-dolorem-fuga,Brazer,black,2009-09-21,spinka.beaulah@murazik.com,R;JzgrlGvj]V@
6b136606-a1c6-308c-b94d-bea75a4bfbae,Mrs.,Alisa,Hauck,"86A Anderson Court Apt. 133, Al-Barka 0002 Pampanga",dolores,Catbalogan,California,Estonia,022-111-000,446-457-111,"Terry, Keebler and Bechtelar",http://schimmel.com/dolores-deleniti-est-quam-fugiat,"Animal Scientist",black,2023-05-11,qrunolfsson@buckridge.net,oWibhS
c7fb6fdd-4344-3531-a6f8-f3b184c63d89,Prof.,Waldo,Balistreri,"30/37 Dibbert Burgs, Magsaysay 5464 Agusan del Sur",laudantium,"San Carlos","South Dakota",Cuba,471-339-508,600-299-655,Harris-Crooks,http://schiller.net/nam-quidem-tempore-praesentium-modi-perferendis-unde.html,"Drywall Installer",olive,2015-02-26,arne.schmitt@hotmail.com,6D&:WiKusJq<Z9t].
84a01bfd-ca61-3da1-bc8b-ec87275a4062,Mr.,Xzavier,Schowalter,"95/75 Labadie Mews, Poblacion, Sagay 2102 Catanduanes",tempora,"Quezon City",Kansas,Australia,708-847-741,276-943-103,"O'Conner Inc",http://www.goodwin.com/,Artist,silver,2009-01-18,ellsworth.conn@gmail.com,"\Y#bY;Z=!"
473dfae4-bdf9-30e1-abaa-e2a03c39b2d8,Miss,Marlin,Stracke,"74A/04 Champlin Road, Poblacion, Talisay 8971 Camiguin",doloribus,Iriga,Pennsylvania,"Antigua and Barbuda",613-250-317,032-499-013,"Mante, Stiedemann and Will",http://www.keebler.com/iste-et-quia-et-perferendis-voluptatem-cum.html,"Keyboard Instrument Repairer and Tuner",fuchsia,2018-08-11,cole.schmeler@yahoo.com,ot1Ag}d
357952c0-73cb-3d4f-8435-c6c58d9e1ecd,Prof.,Ida,Tremblay,"53A/53 Mohr Wall Apt. 276, Angeles City 4450 Sorsogon",non,Lapu-Lapu,Florida,Yemen,195-192-863,431-268-729,"Nikolaus and Sons",http://www.swift.com/perspiciatis-itaque-ut-dolore-similique-unde-ullam,"Tire Changer",blue,2009-06-05,cary67@osinski.com,";VRUHY*Vu+""wq_"
a6e7fe01-0c47-38cb-8b12-023a4ae3d400,Mr.,Nikko,Walsh,"29 Kohler Corner Suite 347, Poblacion, Roxas 3248 Camarines Sur",tempore,Catbalogan,"West Virginia",Djibouti,365-573-273,380-082-290,"Ryan Inc",https://www.dicki.org/deserunt-suscipit-atque-quia-quaerat,"Oil Service Unit Operator",black,2018-10-17,zieme.gladys@gmail.com,"wBcLF!r\]$k55:>0hHx"
d8f64d85-8c3c-3310-88ab-97133e3dfe84,Dr.,Ashly,Goldner,"40 Gerhold Orchard Suite 864, Lupi 5280 Camiguin",debitis,Canlaon,Tennessee,Myanmar,697-296-141,695-573-876,Medhurst-Bartoletti,http://www.macejkovic.com/est-suscipit-ut-molestiae-rerum,"Corporate Trainer",teal,2020-06-10,denesik.ursula@hotmail.com,"_""b(jt`V2k+E*MFi<iS"
0fd1aef5-8afa-3faf-9263-c9a7fd625edb,Dr.,Eryn,Wilderman,"14/80 Hoeger Mount, Piagapo 8072 Marinduque",sint,Digos,Utah,Kazakhstan,312-353-637,121-620-146,"Mann, Dooley and Windler",https://www.raynor.com/laboriosam-molestias-temporibus-deleniti-id,"Bridge Tender OR Lock Tender",gray,1977-04-11,ikutch@hotmail.com,VXClW]*Va
36e11759-b963-3fda-80ac-716781002404,Dr.,Magdalen,D'Amore,"23A/34 Wyman Fall, Quirino 1015 Davao del Norte",modi,Biñan,Kentucky,Germany,258-878-479,022-467-354,"Ryan, Wolf and Waters",http://champlin.net/ipsa-maiores-qui-tempore-illum.html,"Machine Operator",teal,2016-03-12,jessyca05@wolff.com,"O-KdA1,YlgZA&}""^mj"
424b244a-1faa-3faa-a7bc-0cd1f8b28d99,Miss,Felicita,Cole,"90A Sanford Shores Suite 646, Poblacion, Santa Rosa 0471 Bukidnon",voluptas,Mabalacat,Maryland,"Slovakia (Slovak Republic)",256-098-718,049-461-392,Simonis-Morar,https://www.wolff.com/et-reprehenderit-alias-maxime-inventore-aut-ut-optio,"Insurance Policy Processing Clerk",aqua,1977-08-10,collins.jeremy@frami.com,-`d<ej76Os&Y1)~+FY
499f100f-9917-35c0-abac-ae969870f817,Mrs.,Keeley,Doyle,"27 Purdy Fords, Dipolog City 3444 Samar",aperiam,Palayan,Montana,"South Africa",791-673-724,836-433-171,Gislason-Conroy,http://www.kilback.com/maxime-blanditiis-voluptate-atque-suscipit,"Office Clerk",lime,1990-03-22,bradley.sauer@gmail.com,QOOArH*$60
63c01f5f-0b01-35d0-9f59-e0d05dae150c,Ms.,Shane,Dare,"95A Sanford Plains Suite 046, Poblacion, Kidapawan 2582 Agusan del Sur",fuga,Marikina,"New York","Cocos (Keeling) Islands",459-394-868,368-826-821,Koch-Spinka,http://www.hyatt.net/neque-eveniet-ad-natus-sit-quia-qui-maxime,Actuary,white,1982-01-14,wilhelm30@hotmail.com,B:N'M(O2AgRR|#
edb00e2e-2627-34cf-8593-a402ca85e189,Dr.,Francisca,Rau,"09A Hickle Locks, Poblacion, Alaminos 1837 Ilocos Sur",ex,Pasay,Tennessee,Andorra,779-845-623,660-322-479,Kovacek-Christiansen,http://www.pfeffer.com/,"Data Entry Operator",olive,2024-06-21,hwisoky@bruen.com,"6<R}D8\:"
fa7fc0c2-58f4-3e1a-92c8-61c756625d4a,Miss,Weston,Schowalter,"95A Leffler Plains, Sasmuan 7774 Palawan",in,Valenzuela,Vermont,Mozambique,564-857-525,905-430-379,Walsh-Connelly,https://www.kozey.com/quas-voluptatem-id-dolorum-eum-ad,"Team Assembler",black,1991-08-28,wintheiser.milford@glover.com,4FhK[w~Jeg(o
842bc5fc-4efd-3efb-ad80-9d8c0b8dea02,Dr.,Josiah,Beier,"33/79 Shanahan Islands Apt. 972, Rizal 3925 Cagayan",vel,Cauayan,Illinois,Israel,304-922-575,424-378-904,"Jacobs Group",http://boyer.com/magnam-labore-officia-expedita-autem-qui-maxime-sed,"Oil Service Unit Operator",green,2003-04-18,einar.hermann@yahoo.com,"1z9w}A5e\rq"
3f7fced9-149f-3aca-878e-aaf240540b98,Prof.,Virgie,Hettinger,"35 Gleason Circles Apt. 623, Poblacion, Lipa 4235 Bulacan",nam,Lamitan,Idaho,Tonga,377-700-731,304-820-180,Tillman-Gleichner,http://braun.com/temporibus-molestias-totam-doloribus-saepe-quod-similique-deserunt.html,"Physical Therapist Assistant",aqua,1983-09-17,laurel.treutel@langworth.com,"<,_j(MU2K0#z["
746a5875-1ed0-358f-89b1-021c196b9441,Prof.,Karli,Harris,"31/46 Morar Branch, Laguindingan 3605 Ilocos Sur",minima,Bayugan,Pennsylvania,"Northern Mariana Islands",753-870-328,890-321-991,"Anderson, Moen and Tremblay",http://mclaughlin.net/qui-eum-eum-temporibus-praesentium-distinctio-impedit-consectetur,"Telecommunications Facility Examiner",silver,2022-11-07,ortiz.caitlyn@predovic.com,"DC&r\fJ8W"
5929483c-b04f-3e11-a3cd-a426a9a67c34,Dr.,Lenny,Hill,"90A Feest Mount Suite 939, Poblacion, Cotabato City 2195 Bataan",voluptatum,Bayugan,"New York",Finland,580-053-413,370-352-587,"Bayer Ltd",https://www.frami.com/occaecati-iure-pariatur-odio-iste-at,"Motorcycle Mechanic",gray,2001-02-22,ckrajcik@gmail.com,"edaD]p~g\;wbZ'Lr"
b5b74c61-7e9f-3967-a6ed-737d374e6d2e,Mr.,Penelope,Weimann,"69A/25 Heidenreich Mill Suite 587, Poblacion, Calbayog 4435 Palawan",dolor,"San Jose del Monte",Washington,Chad,822-122-843,377-107-695,"Boehm Ltd",http://www.ritchie.info/ut-voluptates-cupiditate-similique-doloribus-ut,Etcher,fuchsia,2001-10-15,arvid28@bayer.biz,tXsJ4xcWovJfL_$Jb
3d8fa085-c8fc-3f6c-ab31-74c04c54dd72,Prof.,Magnolia,Hickle,"18 Romaguera Meadows Suite 951, Poblacion, Tagbilaran 2934 Leyte",maxime,"Trece Martires",California,Montenegro,437-932-556,214-024-788,"Huel PLC",http://www.boyle.com/consequatur-sed-sed-est-nisi-dolorum-molestiae,"Airframe Mechanic",maroon,1992-12-15,collier.brett@boyle.org,Z2D8ZaSi'=T9@$jxO>
63c379e5-3852-3bac-8f06-f0b39d9593d1,Miss,Cassandra,Ondricka,"77A/83 VonRueden Ranch Apt. 680, Balagtas 0895 Ifugao",voluptatem,"Davao City",Hawaii,"United Kingdom",896-480-155,009-613-542,McDermott-Wunsch,https://www.harber.com/consectetur-excepturi-corrupti-cumque-qui-laudantium,"Court Reporter",purple,2002-06-03,mohamed.beatty@hotmail.com,MkGqRIkP0On*pXqSQ#5I
bff7a076-2785-3971-9fc5-c3834f12b06e,Ms.,Jenifer,Botsford,"44A Schroeder Square, Besao 4611 Misamis Occidental",ad,Borongan,"South Carolina","Isle of Man",925-776-890,103-227-262,"Langworth, Hackett and Donnelly",http://www.jast.net/nulla-eum-nostrum-cupiditate-aut.html,"Security Guard",fuchsia,2022-11-24,fadel.monroe@gmail.com,a.r}9qE`rdtS*P!.f7`j
2a257c39-c1e1-3c79-b750-d8e18a2d2623,Dr.,Mireya,Hilpert,"75 Kautzer Centers, Santa Teresita 7709 Biliran",dolores,"La Carlota",Arkansas,Turkmenistan,441-331-475,279-382-158,"Yundt, Krajcik and Orn",https://smith.com/sint-consectetur-delectus-eligendi-harum-ipsam-illo-sequi.html,"Weapons Specialists",blue,1972-02-16,sbeer@yahoo.com,%+G_C!%r})
a28a42f2-f7da-3780-97c3-b4612ff436bd,Miss,Idell,Rohan,"96A/46 Medhurst Flats, Poblacion, Palayan 8922 Abra",dolor,Gapan,Kentucky,Haiti,007-672-002,282-465-595,Glover-Runolfsdottir,http://weimann.net/autem-nisi-voluptatem-fugit-illo-fugiat-sunt,"General Farmworker",blue,1997-08-14,hermann.marcelo@smitham.com,"bJeYQ""$Etc=~]ES#_G,"
b0b4f0e8-3894-30f0-9c59-67c321a8188b,Ms.,Cullen,Langworth,"57 Langworth Lane, Jolo 5072 Cotabato",aut,Digos,"New Mexico",Honduras,457-117-442,308-582-141,Hirthe-Weissnat,http://www.gibson.com/voluptatem-tempora-esse-voluptatum-fuga-et-et,Recruiter,yellow,2022-03-22,casimer.dicki@gmail.com,<g[ydV:kTZwdr=a=
5749b7b2-acef-38cd-ae78-dbe423c15403,Miss,Viviane,Schmeler,"12/21 Davis Keys Apt. 937, San Mateo 5070 Metro Manila",quibusdam,Mandaluyong,Alaska,Gibraltar,811-682-847,158-629-139,"Barton LLC",https://grant.com/asperiores-et-cumque-sequi-placeat.html,"Forging Machine Setter",white,2018-09-01,shodkiewicz@hotmail.com,S9fOe8ldIxjzVxz3eY=C
d4936705-5c9e-3d49-9b3a-4a94e9c9792b,Miss,Kathryne,Schuster,"23A/78 Jast Curve, Banaue 5460 Cagayan",et,Batac,"North Carolina",Nicaragua,078-373-531,236-033-858,Kling-Dibbert,http://www.reilly.com/eum-debitis-repudiandae-hic,Chiropractor,olive,2007-10-02,tgreenfelder@pfeffer.com,8&e'e_
bb3061af-2ea9-3bb2-917b-fee31803a87b,Mrs.,Filiberto,O'Conner,"97 Mosciski Cliffs Suite 888, Bobon 9434 Nueva Ecija",nemo,Muñoz,"New Hampshire",Samoa,629-338-366,720-191-809,Roob-Borer,http://www.kovacek.biz/inventore-sit-aut-aut-quam-quam-tempore-labore-optio,"Pantograph Engraver",fuchsia,2001-04-13,margarett.mueller@keeling.com,"O,o@[L+VO|=l5\gd%3"
491b680d-361e-34b7-b020-193f70462314,Dr.,Cornell,Willms,"50A Wyman Orchard Suite 431, Maasin City 5819 Davao del Sur",incidunt,Iriga,"New Hampshire","Palestinian Territories",639-080-456,457-243-536,Robel-Pfeffer,http://schumm.org/,"School Social Worker",silver,1983-04-22,icartwright@sanford.com,")b9n|N=Z,"
201b1b23-4a3d-3e82-95bb-ea9c8c551da4,Prof.,Kyleigh,Hickle,"53A/28 Kunze Stream Apt. 559, Pugo 7959 La Union",hic,"La Carlota","South Carolina",Somalia,795-451-423,595-464-921,"Von, Langworth and Lubowitz",https://www.emmerich.info/neque-velit-autem-itaque-repellendus-pariatur-aut,"Interpreter OR Translator",navy,1994-01-27,murphy.trycia@schmitt.org,sE%=;sN[i$:U%!3[*UE
84e10c01-3425-3e77-97e3-88661e1711bd,Mr.,Josefa,Little,"83/51 Leannon Parkways, Poblacion, Dumaguete 7758 Agusan del Sur",consectetur,Parañaque,Kentucky,Reunion,297-720-919,242-403-543,"Reilly, Monahan and Cremin",https://collins.net/nam-nihil-voluptatem-ut-non.html,"Anthropology Teacher",gray,2023-09-10,gwisoky@yahoo.com,}C/rWLG<)8
d13098ad-b329-36fa-b909-2d77d11dcdc2,Dr.,Birdie,Veum,"31 Kunde Brook, Lezo 4195 Laguna",nemo,Borongan,Mississippi,"Czech Republic",024-741-570,859-612-895,"Champlin Group",http://www.sauer.com/ut-esse-voluptatem-natus-sed-et.html,Secretary,lime,1991-08-25,lkeebler@larson.com,.b0&G{tuUutSHV1UH
1f2a4493-e5f3-3f38-ba18-b9394e4cd208,Dr.,Leora,Kilback,"42A/09 Barton Ranch Apt. 330, Consolacion 5870 Negros Occidental",sit,Cauayan,"New York","Turks and Caicos Islands",026-739-416,648-802-647,Hartmann-Littel,http://hyatt.net/commodi-sint-minus-modi-quo-magni.html,"Radiologic Technologist",lime,1971-02-17,quinten35@hotmail.com,%[e!-B
aa59f586-afc5-3b57-b46d-17f35209694d,Mr.,Elmo,Watsica,"15/15 Vandervort Isle, Poblacion, Tabuk 0992 Cebu",ducimus,Naga,"New Hampshire",Nepal,122-654-539,659-102-217,"Wilkinson Ltd",http://luettgen.com/,"Transportation and Material-Moving",silver,2023-02-19,kuvalis.lila@hotmail.com,5{f~vHuwXo|TL+k^#-b
6aa48aee-e9ed-3eb2-8080-48f554031a6a,Dr.,Savion,Emmerich,"69A Hauck Street Apt. 298, Calumpit 8496 Masbate",rerum,Canlaon,Kentucky,Belize,664-839-121,729-038-251,"Hermiston, Gulgowski and Sanford",http://goyette.com/eos-facilis-ex-esse-dolores-necessitatibus-ratione.html,Nutritionist,navy,1994-04-08,agustina.abbott@king.com,7Ltn{d=En;=
0efbc1df-a83a-38d9-adf7-a40ef9dbd6c6,Ms.,Isabel,Runolfsdottir,"97 Raynor Station Suite 641, Amadeo 7026 Capiz",culpa,Tandag,Missouri,Ghana,709-185-052,470-284-700,Mosciski-Rodriguez,http://rice.com/,"Floor Layer",white,1971-08-08,libby59@yahoo.com,k^FK:z.:]
2028b821-81fb-3c0b-967d-f0fe0c30a25b,Dr.,Shanon,Thiel,"23/65 Tremblay Roads, Poblacion, Navotas 0915 Siquijor",quibusdam,Ormoc,"Rhode Island",Mauritania,005-307-106,506-817-534,Bosco-Hayes,http://raynor.com/,"Spraying Machine Operator",yellow,2023-09-13,schowalter.bert@hotmail.com,>ji~Gv.&
a7d98ebc-d3ab-3b0f-9a54-6c79b5054cd2,Mrs.,Eve,Stracke,"17 Wolf Springs Suite 106, Poblacion, Mandaue 2216 Aurora",rem,Parañaque,Delaware,Azerbaijan,638-792-982,412-731-160,"Gusikowski, Boyer and McClure",https://jakubowski.info/quis-voluptatibus-nulla-harum-officiis-cupiditate-sed.html,"Skin Care Specialist",purple,2003-03-05,vergie.keeling@hotmail.com,1LhV`nTy
648ff2f0-303e-3733-8a73-d3e1d0e9d5d4,Prof.,Woodrow,Berge,"97A/99 Nader View, Kinoguitan 8670 Sulu",aut,Candon,Maine,"Equatorial Guinea",204-208-946,091-618-353,"Kuhn Inc",http://feil.org/nemo-sint-a-porro-ipsa.html,"Tractor Operator",navy,1970-04-18,rolfson.alanna@goldner.com,.Anc1vKfWs
8e5a6893-070a-3994-889b-5873126e547f,Dr.,Mia,Ferry,"00A Schowalter Manors, Puerto Princesa City 3864 Agusan del Sur",et,Pasig,Nebraska,Iceland,582-492-647,555-406-318,"Brekke Inc",http://beer.com/,Etcher,gray,2020-12-18,odessa.borer@skiles.com,8!np;#$.5h&HV
9ca72cab-c1ba-36ac-b4d9-d9cde59e871c,Mrs.,Frances,Ortiz,"34A Gutkowski Trail Apt. 702, Pateros 5793 Tarlac",optio,Cabuyao,"New Mexico",Honduras,461-620-427,603-159-322,"Bogisich, Friesen and Doyle",https://www.bode.biz/aut-non-recusandae-rerum-dolores-omnis,"Coating Machine Operator",gray,2006-03-14,tmurazik@yahoo.com,"Q;v)pn+""Ls]"
5a22191e-32e9-312c-af81-0256942a05c5,Mr.,Dana,Rosenbaum,"23/99 Trantow Plaza Apt. 794, Daanbantayan 9816 Romblon",vero,"Tarlac City","District of Columbia","Costa Rica",218-567-275,335-606-042,Spinka-Rohan,http://mcdermott.net/quae-praesentium-repudiandae-voluptas-nemo-ut-unde-qui.html,"Train Crew",teal,2008-03-21,sienna25@yahoo.com,(/X1R@IHg]g2vC38:fq:
2f3d4564-50e7-3081-a6a2-dbc279f4be50,Mr.,Katelynn,Waelchi,"95/68 Hand Crossing, San Jose 7691 Occidental Mindoro",natus,"Iloilo City",Maine,Cameroon,528-828-134,465-254-473,"Koepp LLC",http://kertzmann.com/est-ea-tempore-esse-et-rerum-tenetur-consequatur.html,"Biochemist or Biophysicist",white,2022-11-18,stokes.vickie@prosacco.com,"_H^^dIJhn6,M3.h"
b755a957-ed8d-337e-8ce8-cadb3acb2b99,Mrs.,Ashleigh,Jerde,"39/47 McCullough Prairie Apt. 301, Poblacion, Palayan 4130 Oriental Mindoro",voluptatibus,"Cotabato City",Connecticut,Iraq,540-302-715,564-231-796,"Mertz LLC",http://hoppe.com/et-voluptatem-et-aut-molestiae-quae,"Philosophy and Religion Teacher",maroon,2009-01-29,champlin.pearlie@hotmail.com,;*zK)`]/JTB2RdF
6d0f90b3-b626-3d48-a4c5-89218aef61c6,Dr.,Sanford,Shanahan,"93A Mann Center, Santa Ignacia 0094 Aurora",maxime,Tagaytay,Hawaii,Malaysia,157-283-491,219-915-760,Flatley-McCullough,http://beier.com/aspernatur-veritatis-aut-dolorem-aperiam-cum-eos-nemo,"Shoe Machine Operators",white,2021-03-05,gheaney@hotmail.com,"K3zQ2{{l\("
3cadcde4-7add-3e7d-b732-90a647837539,Mr.,Sally,Nader,"25A Funk Islands Suite 311, Sindangan 8109 Aklan",eum,Balanga,Texas,Hungary,905-237-035,114-234-835,"Breitenberg, Jacobi and Kohler",https://www.rosenbaum.biz/aut-aut-repellendus-optio-minima,"Market Research Analyst",navy,1975-08-12,serenity.kohler@hintz.biz,"JR)t""uKkJ4%"
87e662c8-386e-38d0-a968-de0e1703a1d3,Mrs.,Modesto,Bashirian,"02A Gutkowski Park Suite 087, Dingle 2283 Pampanga",commodi,Gapan,Montana,Morocco,227-537-285,837-299-587,"Kuhlman, Kuhic and McLaughlin",http://labadie.com/,"Cost Estimator",maroon,1995-05-25,antonetta.connelly@balistreri.com,">,_,nev"
961f0580-abef-38a3-98d6-bea981315354,Mr.,Curtis,Lindgren,"50/68 Cremin Shores Suite 807, Kitaotao 8134 La Union",provident,Parañaque,Mississippi,Paraguay,054-906-690,797-337-972,"Moore and Sons",http://www.feil.org/,"Furniture Finisher",black,2006-02-09,rlakin@jakubowski.com,%J^Zk-
38ff4662-be9f-35e0-b691-825090a6d003,Dr.,Millie,O'Keefe,"65A/33 Aufderhar Light, Poblacion, Danao 3364 Dinagat Islands",odit,"San Juan","New Mexico",Italy,944-528-402,857-722-388,Schimmel-Boyle,http://watsica.com/unde-consequatur-ratione-ad-et-quam-laboriosam-corporis,"Transportation Attendant",blue,2024-08-14,gabriel.dicki@gmail.com,"kAM#3n+tXI\(<)C[Y\H"
5f622124-1b43-3084-b6ff-ebb3fadfdaba,Miss,Jay,Zulauf,"46A Cormier Plains Apt. 388, Poblacion, Cotabato City 9097 Palawan",soluta,"Cebu City",California,"Netherlands Antilles",911-749-116,023-194-523,"Bechtelar Group",http://www.fay.com/debitis-quas-illo-adipisci-facere-libero-ipsa.html,Interviewer,teal,2010-01-19,amira13@aufderhar.com,"U*rWS}^DJ#:Kd&\Z:y"
e23aa565-c811-3cc6-833b-5279264731d0,Prof.,Gloria,Conroy,"96A/55 Krajcik Centers, Poblacion, Zamboanga City 9581 Quezon",perferendis,Gingoog,"New Mexico",Rwanda,329-276-149,597-145-710,Dickinson-Hettinger,http://romaguera.com/sapiente-nostrum-dolorem-et-repudiandae.html,"Power Generating Plant Operator",navy,2024-01-28,al.borer@reinger.com,]u}1Yg
a18a9c3c-bd0c-3490-ac55-fe0a38a52c5b,Mr.,Justine,Schiller,"23A Muller Cliffs, Opol 2680 Camarines Sur",voluptates,Koronadal,Texas,"Solomon Islands",969-881-834,592-514-835,"Cronin, Hackett and Kihn",http://www.cartwright.com/,"Mental Health Counselor",yellow,2002-10-08,wcollins@yahoo.com,"*0uv{K{|#Z!p,T9"
e392d173-f54e-3e9d-b684-46d5d09bbced,Mr.,Boyd,Tremblay,"81A/01 Kozey Park, Poblacion, Mandaue 6455 Lanao del Sur",vero,Koronadal,"District of Columbia",Mexico,076-732-102,315-402-613,"Simonis and Sons",http://kuhn.biz/,"Sales Manager",purple,1980-08-30,garry.conn@ernser.com,-Ep6m'RN2@x-?
8f409ed9-aac6-395f-bf29-db8d3bb39667,Dr.,Robbie,Jast,"23A/02 Schuppe Forest Suite 280, Tamparan 6204 Laguna",recusandae,Tangub,Colorado,Madagascar,775-258-269,286-436-943,Bayer-Lang,http://www.kutch.info/amet-soluta-ut-sapiente-enim-ad-aut,"Tool Sharpener",purple,1998-10-22,shanahan.edyth@yahoo.com,zdZxYbH$4:Vhj.wk;<fH
dfc2fd32-f509-3552-9658-9ed347db0e3c,Ms.,Linwood,Hudson,"99 Kuhn Manor, Poblacion, Cabanatuan 2771 Romblon",vel,Olongapo,Washington,Armenia,862-434-591,612-007-126,"Kirlin LLC",http://cruickshank.com/voluptatum-asperiores-dolores-qui-accusamus,"Marine Architect",fuchsia,1988-07-11,kassulke.valentin@hotmail.com,U|N{!+GX0]?)Mi#c$
68c13ff8-d9a2-3056-9dc0-2c2f7f23256d,Prof.,Lexus,Carter,"38A Auer Branch Suite 466, Butuan City 0449 Cavite",nesciunt,Koronadal,"New York",Cambodia,865-166-040,591-118-775,Goldner-Legros,http://www.waters.biz/sed-nemo-vel-corporis-molestias-similique-sint.html,"Fish Hatchery Manager",lime,1987-01-08,ymacejkovic@hand.com,"R=EISMiN&""_o-!"
4b06097a-c72e-36b0-b7db-0c848b691265,Mrs.,Emily,Anderson,"73A/46 Brakus Ville Apt. 557, Poblacion, Pagadian 8810 Palawan",et,Taguig,Alaska,Peru,653-647-295,911-295-309,"Balistreri, Botsford and Ullrich",http://renner.biz/dolorum-est-et-perferendis-ut-dolores-asperiores-non,CFO,purple,2015-12-03,kaylah.miller@koepp.info,9K.UOP^1|E
d5e1751a-8993-35cb-8a28-6e951a41d617,Prof.,Ernestine,Dickens,"68A/57 Casper Street Apt. 786, Poblacion, San Carlos 6495 Rizal",quisquam,Cadiz,Washington,Angola,754-900-719,271-926-023,"Hansen, Purdy and Torphy",https://www.blanda.com/eius-voluptatibus-hic-ut-harum-fugit,Prosthodontist,blue,1987-07-09,davon39@smitham.com,"i$!B""""if@H?ws<-3>5k"
74e35872-c8b4-34d6-ad94-be8053b7b67c,Mrs.,Archibald,Goodwin,"92A Quitzon Glen, Poblacion, Carcar 0670 Ilocos Norte",ut,Isabela,"New Jersey",Morocco,793-395-437,045-897-358,"Klein, Yundt and Bechtelar",http://www.okon.com/,"Production Worker",lime,1972-12-03,brooke.senger@eichmann.com,"6J!""rv~""]w\'Y%W8"
3121e7bc-19d1-3637-a33b-da2bd252af53,Dr.,Mathew,Fahey,"65/95 Thompson Tunnel Suite 795, Poblacion, Calamba 0628 Capiz",distinctio,Meycauayan,Iowa,Tuvalu,654-543-601,181-461-590,"Gerhold LLC",http://ryan.com/non-molestias-error-iste.html,"Electrical Parts Reconditioner",white,1993-05-14,bwolff@lakin.com,s1BUUs^YTi/s-d<f
f44dd8cc-d82d-3560-bd45-cb292882c053,Prof.,Carolanne,Hayes,"11A/73 Witting Turnpike Suite 456, Gigmoto 4028 Northern Samar",est,Dumaguete,Louisiana,Uruguay,718-183-836,490-251-718,Collier-Gleason,http://www.heidenreich.com/cum-sapiente-qui-occaecati-dolore-sed-unde,"Criminal Investigator",aqua,1998-04-13,bupton@gmail.com,"T_$}m5'Ix\1PJW"
e9540fac-e18b-35ae-919c-5a14fc89bd7a,Ms.,Alivia,Mueller,"42A Stehr Estates, Barotac Viejo 2348 Cavite",cupiditate,"Masbate City",Michigan,Estonia,864-386-833,068-016-379,Okuneva-Krajcik,http://www.grady.biz/,Bookbinder,olive,2007-04-14,meggie.schumm@hotmail.com,(5@zjA2gc.6Yb(]rfMG:
ba089366-5155-3911-9017-9947eef29d54,Dr.,Vida,Runolfsson,"70 Smith Court Suite 871, Calanogas 7322 Ifugao",animi,Lucena,California,Timor-Leste,693-215-708,268-261-757,"Olson Group",http://ward.com/,"Product Safety Engineer",green,1979-03-10,monahan.anastasia@langosh.com,"><oJ1`2[2/+\1B"
1a126e33-837e-39e4-ba73-3dbd43d84da2,Mrs.,Reilly,Cartwright,"69 Macejkovic Stravenue Apt. 330, Poblacion, Batac 5058 Batanes",dicta,Malolos,"North Dakota",Ireland,873-141-666,426-064-402,"Skiles, Denesik and Huels",http://www.baumbach.biz/qui-nemo-aliquam-ut-sed-veritatis-culpa-non,"Portable Power Tool Repairer",navy,2023-09-29,aschowalter@schmidt.com,"8b~P8VR#8pb/!9\$crZv"
82cad810-f101-3107-80a3-f02bf004c040,Prof.,Domenic,Gaylord,"29/26 Ondricka Ramp, Poblacion, Cotabato City 6218 Capiz",vero,Bislig,"North Carolina",Colombia,747-755-437,066-779-358,"Waelchi and Sons",http://marks.com/,"Agricultural Crop Worker",lime,2011-10-28,tdach@lindgren.biz,JpA@PlF_z_jenRwTAh
5fbbc28a-1285-39f0-ba29-f9fb3853368c,Dr.,Kale,Raynor,"83A/07 Yundt Drives Suite 482, Glan 5328 Dinagat Islands",sit,Dipolog,Virginia,Greenland,668-871-396,091-552-793,Gutmann-Flatley,https://www.beahan.com/quas-alias-sed-sed-nam-sit-culpa,"Mining Machine Operator",teal,1990-08-05,nlakin@gmail.com,"}w+cs@Am3Zy:9bB#'""D8"
d1b9fe1c-d63b-3524-bc43-eca050094501,Prof.,Baby,Kovacek,"75A Koepp Village Suite 379, Poblacion, Malolos 6364 Metro Manila",nemo,Koronadal,Florida,Bhutan,006-723-918,910-959-091,"Kovacek PLC",http://www.mertz.info/autem-sapiente-omnis-esse-aspernatur-voluptas-recusandae-quibusdam-error,Usher,navy,1980-01-27,brakus.giles@kub.org,"p#))+!*'v""$R"
46841a80-9cd0-3a86-89db-78dae5a7dbe3,Dr.,Rudolph,Romaguera,"21A/10 Padberg Village, Dueñas 5022 Biliran",aut,Kidapawan,"South Carolina","Northern Mariana Islands",868-700-566,681-048-584,"Anderson, Wiegand and Witting",http://kohler.org/exercitationem-sit-qui-autem-dolor-beatae-at-debitis,"Hunter and Trapper",navy,2011-05-02,bergnaum.ronny@hotmail.com,l%5viV
a26859c6-9e48-38f9-b502-65125272e592,Dr.,Stevie,Emmerich,"27 Ankunding Harbors, Laua-an 9621 Occidental Mindoro",fugit,Digos,"New Hampshire",Japan,673-751-334,807-273-222,Greenholt-Mosciski,http://powlowski.com/est-libero-veniam-eum-dolor,"Chemistry Teacher",silver,2002-01-12,kirstin.christiansen@koch.biz,"%|'1x.\t@H"
51529e93-2a0d-3ecb-8061-a892a8754f99,Prof.,Myriam,Hahn,"14 Turner Glen Suite 728, Poblacion, San Jose del Monte 3440 Samar",qui,Victorias,Oregon,"Sierra Leone",602-839-135,015-873-616,"Mayert PLC",http://lemke.biz/ipsum-voluptatem-explicabo-est-molestias,"Locomotive Firer",yellow,1977-07-26,arnulfo21@hotmail.com,;7N'gM
7cc4fc38-10bc-3c93-b64a-009ec51c312b,Mrs.,Jayne,Schmitt,"17A Corkery Port, Poblacion, El Salvador 9832 Albay",veritatis,Batac,"New Jersey",Andorra,404-726-085,603-946-556,"Johnston Ltd",http://walker.net/dolor-vitae-soluta-asperiores-voluptates-ea-aliquam-veritatis,"Economics Teacher",maroon,1989-12-31,xterry@farrell.com,"(FORbj'30od?""?"
3b110d25-620e-3a28-b825-a4f938891005,Mr.,Claudia,Littel,"89 Purdy Corners, Burgos 7666 Ifugao",harum,"Iloilo City",Connecticut,Nicaragua,212-135-998,084-118-355,Marvin-Terry,http://quigley.biz/,"Title Abstractor",silver,1991-08-02,mhudson@hotmail.com,o)ll3_l?ROd
a64a2ec3-2682-399d-8897-e8d3cc14558a,Prof.,Samara,Buckridge,"02A/48 Kemmer Club Apt. 984, San Nicolas 7749 Ilocos Sur",veritatis,Cadiz,Vermont,"Equatorial Guinea",706-446-674,807-577-607,"Smitham, Grady and Leuschke",http://www.ritchie.com/doloribus-laboriosam-accusamus-eligendi-autem-accusamus-voluptatum-autem,"Extruding Machine Operator",black,2008-08-27,kreiger.lue@hotmail.com,QuB-JzY5@qtG{0Ur3iWt
3f89aaf0-5019-3d09-9393-d844331e056f,Miss,Baron,Dietrich,"12A/86 Emmerich Estates Suite 154, Pasuquin 4003 Davao del Norte",recusandae,Bacoor,Arizona,"French Polynesia",348-561-760,053-309-008,"Lakin Group",http://www.kuvalis.biz/aut-minima-hic-rerum-exercitationem-pariatur-et-perferendis,"Bindery Machine Operator",gray,1990-05-31,lou78@gmail.com,u@-CIXm
10fafd8b-7a8e-3a40-8070-4d9720b44fcc,Miss,Santos,Labadie,"14/59 Satterfield Isle, Ganassi 9954 Palawan",sed,Dagupan,Montana,Mexico,687-870-573,785-731-993,"Zieme LLC",http://www.haag.com/dolorem-optio-aut-aut-labore-et-nesciunt.html,"Airline Pilot OR Copilot OR Flight Engineer",fuchsia,1984-09-18,edmond.raynor@gmail.com,4[K3[9:wIzLZ3#X0-O>
a7d9d99b-6a51-37d9-9b43-5deb4a571b22,Dr.,Christopher,Rutherford,"23A/49 Kautzer Port Apt. 647, Sagñay 8183 Aurora",dignissimos,Iligan,"New York",Uganda,077-201-394,399-429-926,"Gutmann Group",http://www.farrell.com/exercitationem-quia-necessitatibus-quo-et-totam,"Physician Assistant",teal,1999-05-07,hammes.reba@schaefer.com,fCaqbR_pZ4(0dIAf
66a90ed1-dfe0-358d-ba05-0ed0cb0b8db7,Mrs.,Romaine,O'Reilly,"83 Jast Flats, Urbiztondo 4005 Camiguin",exercitationem,Victorias,Wyoming,"Heard Island and McDonald Islands",541-764-510,119-343-521,Little-Rodriguez,http://www.quigley.com/,"Precision Etcher and Engraver",teal,2013-07-07,brian59@schneider.com,]WhU%EEo
2c47e644-d336-309f-87c0-b900749c5d41,Mr.,Bridget,Lang,"19A/00 Wiegand Mountain, Balud 3714 Aklan",aperiam,Dipolog,Indiana,"French Guiana",284-345-724,064-318-898,"Dibbert, Jacobi and Farrell",http://boehm.com/occaecati-voluptas-omnis-debitis-corrupti,"Health Services Manager",aqua,2009-02-16,rolfson.jameson@wilkinson.org,"q""u)Zw"
94d0056c-fc47-372e-9f2c-a15a2088b410,Prof.,Macey,Leannon,"92A Renner Fall, Poblacion, Baybay 9199 Surigao del Sur",omnis,Tanauan,"South Carolina",Nepal,546-834-403,532-638-999,"Beahan PLC",http://www.murphy.com/nulla-exercitationem-quis-dolorem-nobis-molestiae-in-omnis,"Production Inspector",white,2014-10-18,shania18@veum.biz,"J'`m\2!'(\j:r=|r"
567e6ace-89c1-3283-b32e-888d102e6234,Mrs.,Francesco,Jakubowski,"46 Eichmann Causeway, Calatrava 8943 Bohol",totam,Gingoog,Vermont,"Czech Republic",188-919-596,459-423-300,"Goldner Inc",https://pouros.com/porro-voluptatibus-placeat-ratione-tempore-repudiandae.html,"Advertising Manager OR Promotions Manager",white,2020-09-05,halvorson.macey@stokes.info,SJE>KR_2J
523d3047-29f7-3613-9ce6-f11dd3c3e6ef,Mrs.,Alec,Jenkins,"20 Yost Mountain Apt. 433, Poblacion, Dagupan 6277 Aurora",velit,Olongapo,Nebraska,"Libyan Arab Jamahiriya",759-258-888,355-784-532,"Cronin, Gibson and O'Conner",http://www.wehner.info/,"Gas Appliance Repairer",navy,2004-11-22,tiara42@yahoo.com,#(~Eu_)
610e9aaf-91d5-343c-9e1a-7114294e9823,Dr.,Karl,Daugherty,"16A Treutel Extension, Poblacion, Imus 9677 Negros Occidental",quia,"Santa Rosa",Arizona,Nicaragua,853-766-727,556-547-861,"Davis, Smith and Koss",http://www.emard.com/quibusdam-aut-aut-sunt-quia-sed-quaerat,"Pile-Driver Operator",olive,1983-04-16,myrtie21@hotmail.com,7$bQZCieG68I
ae405cd3-e442-339e-9c21-1d5c31fbb1e5,Miss,Glenna,Bernhard,"26/78 Beer Cape Apt. 646, Poblacion, Guihulngan 8051 Negros Occidental",aut,Muntinlupa,Louisiana,Croatia,681-326-374,142-364-930,Hauck-Schmeler,http://murray.com/perferendis-aut-ducimus-nobis-et-fugiat-similique,"Petroleum Technician",lime,1971-06-17,christopher32@gmail.com,[$!E_eWX/G~
2b541254-4064-304e-ad1e-aeb7d78cee21,Ms.,Zack,Bradtke,"37A Tremblay Locks Apt. 669, Poblacion, Tanjay 9848 South Cotabato",ipsa,Dasmariñas,Tennessee,Tajikistan,330-397-815,023-919-591,Johnson-Romaguera,http://www.kuhic.info/est-voluptatum-odio-quas-quasi,"Medical Secretary",purple,2005-06-30,dibbert.alfreda@hotmail.com,"4Pw}wwZX\-["
ae57d95a-ad3e-377d-9b60-db1cae38977f,Prof.,Sonia,McLaughlin,"25A Dibbert Roads, Poblacion, Butuan 3151 Pampanga",non,Cadiz,Florida,Mauritania,737-923-239,265-941-706,"Larkin, Durgan and Ankunding",http://www.russel.net/velit-aut-quibusdam-ut-voluptatibus,"Sociology Teacher",aqua,1993-02-04,sandy.mante@yahoo.com,"tql{*x,ak},q`H.YW"
6a57b6c8-5cfe-338a-b61b-dc1ef4d2ad23,Dr.,Brianne,Cassin,"79A/03 O'Conner Groves, Poblacion, Tanjay 3982 Ilocos Sur",aperiam,Alaminos,Alaska,Botswana,927-861-717,929-062-148,Franecki-Wolff,http://klein.com/aut-est-dignissimos-ea-non,"Art Teacher",navy,1988-04-04,jonathon.stokes@yahoo.com,1))N{3^{!w7
d7f55633-d2bf-3daf-86ef-37a9c4db337c,Mrs.,Tressie,Pouros,"62A Harvey Inlet Suite 826, Bien Unido 0730 Davao del Norte",laborum,Vigan,Arkansas,Rwanda,604-753-274,159-817-878,Greenholt-Hermann,https://www.nitzsche.org/enim-doloremque-quis-quo-optio,"Machinery Maintenance",gray,1983-10-27,shane13@fritsch.com,~gfKqI+%BIlaw@OX9
d73fa76d-30df-3be4-a0c3-35c90e4de9cd,Prof.,Danika,Maggio,"63A Kozey Plains, Poblacion, Batac 5880 Tarlac",voluptatem,Tandag,Maryland,Japan,221-182-125,235-259-254,"Pagac, Bayer and Yundt",http://hodkiewicz.net/expedita-voluptates-consequatur-illum,"Automotive Specialty Technician",green,2006-02-15,cheyenne.stroman@hotmail.com,"[hq9[o?(\N=[BnMRKTB"
d805f2f3-88e6-38ad-b740-ea94f454b805,Prof.,Jermain,Maggio,"77 Feeney Valley Suite 797, Poblacion, Toledo 0313 Ifugao",quod,"Surigao City",Delaware,Belarus,621-631-763,945-420-287,"Jacobi PLC",http://trantow.com/dicta-aliquid-officiis-eveniet-et-ut-hic-repudiandae.html,"Slot Key Person",navy,1984-11-14,mraz.kailee@yahoo.com,qp7P]A?l
a71f5b1d-183a-3e10-8b86-0326085d39bf,Prof.,Carmella,Langosh,"39A/89 Bechtelar Court, Poblacion, Alaminos 1750 Laguna",beatae,Toledo,Utah,Namibia,916-302-947,376-019-480,Morar-Larson,http://veum.com/dignissimos-est-perferendis-facilis-at-earum-natus-fugit-voluptatibus,"Electromechanical Equipment Assembler",olive,2005-01-20,vwisoky@hermann.org,"\Tc|kcwNS4b(Yk"
1c723b14-6208-30f9-9da0-4b61c0779287,Ms.,Briana,Schroeder,"99/38 Ward Trafficway, Poblacion, Ozamiz 2428 Zamboanga del Norte",animi,Calapan,Massachusetts,"Northern Mariana Islands",575-449-997,241-369-470,Kuhn-Jacobson,http://www.rutherford.com/dolorum-omnis-sit-eos-itaque-adipisci,"Marine Cargo Inspector",white,2015-02-12,darryl.toy@yahoo.com,g]z^`-p.o/9o;
fa3d3c9e-937e-3326-9eba-bf57f8a8bf85,Mrs.,Orpha,Braun,"52A/85 Nienow Ridges, Poblacion, Cavite City 2992 Tarlac",itaque,Mandaluyong,Michigan,"United Arab Emirates",297-163-633,661-935-146,"Ward, O'Hara and Ziemann",http://reynolds.com/est-itaque-magnam-officiis-et-et-saepe-voluptates-officiis,"Social Sciences Teacher",black,1992-07-14,bailee.keebler@ernser.info,'8Ia_j=h
ad8b021a-cbbd-3ef5-b97e-0744d108ac32,Prof.,Sarai,Olson,"91A Gislason Club, Merida 0747 Sarangani",sunt,Meycauayan,Massachusetts,Guyana,789-675-017,082-779-619,"Hartmann Ltd",http://bode.com/,Janitor,fuchsia,1985-10-10,nikolaus.bert@yahoo.com,"*6s-p3Tw6lW7>k67"":"
29878f32-5bfd-3f47-a05c-cf882e88b7fb,Mr.,Larissa,Fritsch,"42 Howe Well, Datu Saudi-Ampatuan 7598 Oriental Mindoro",distinctio,"Batangas City",Oklahoma,Turkmenistan,534-915-292,087-173-442,"Nienow, Durgan and Schoen",http://crona.org/perspiciatis-maiores-maiores-nemo-a-ipsum-deleniti,"Preschool Teacher",gray,2002-07-20,bernadine.schinner@yahoo.com,%M4lC^
94ddb5d4-8d5c-3ab9-95f3-3cb0dcd0bc05,Dr.,Clemmie,Hahn,"92 Olson Loop, Hungduan 2596 Benguet",sint,Caloocan,Arkansas,Nauru,342-118-447,419-193-231,"Schmidt, Sporer and Fahey",http://www.quitzon.com/nisi-mollitia-necessitatibus-expedita,"Electronics Engineering Technician",silver,1973-07-07,wstokes@gmail.com,B_'-q5e$1F#N[
29ff883d-43ec-3056-ba8c-aefb28707403,Miss,Anna,Skiles,"32 Carter Springs, Naga 2954 Nueva Vizcaya",illum,"El Salvador",Georgia,Uzbekistan,150-487-442,592-368-489,Turner-Lynch,https://www.daniel.org/sunt-earum-sit-fugiat-magnam-debitis-dolor-sed-tempore,"Construction Carpenter",silver,2017-04-23,lavonne56@hotmail.com,"47y$hiKrr`.\37a^5e$"
3cc2f5b9-ff62-343b-b59e-e735c409897a,Mr.,Hannah,Cassin,"98/24 Weissnat Courts Apt. 604, Poblacion, Lucena 7718 Nueva Vizcaya",delectus,Danao,Kentucky,Guadeloupe,862-743-653,672-460-897,Simonis-Koepp,http://beier.com/et-voluptatem-voluptatibus-odit-quas-ipsum-nulla-sint.html,"Crane and Tower Operator",aqua,2000-07-18,ebechtelar@ernser.net,$nluPV2'bhXGOu+
7cd2d7c2-d1af-33c5-b098-d8d3efb89e34,Miss,Kelli,Kilback,"98A Powlowski Springs, Magsaysay 3657 Ilocos Sur",autem,Meycauayan,Florida,"South Africa",259-662-040,271-815-606,"Koelpin and Sons",http://www.paucek.com/aliquam-rerum-dolorem-perferendis.html,"Medical Laboratory Technologist",maroon,2022-05-09,morissette.kenyatta@smith.com,S`$^rrvjE`s
29c83e89-f244-3aca-bfad-57bb52c300f6,Mrs.,Rosa,Hammes,"10/87 Predovic Falls Suite 869, Poblacion, Lucena 3965 Camarines Norte",nihil,Mabalacat,"New York","Sri Lanka",070-717-543,189-082-657,"Gottlieb, Hill and Balistreri",http://gottlieb.com/,"Merchandise Displayer OR Window Trimmer",blue,2024-07-10,jillian32@yahoo.com,SPVzCVM'RF
8ee14f2e-c6c7-365a-b68e-d5834b4428f3,Prof.,Rosetta,Veum,"92A Abernathy Port, Poblacion, Muñoz 0948 Maguindanao",vel,Tacurong,Montana,Switzerland,836-732-891,668-803-673,"Stanton Inc",http://www.tromp.biz/,"Urban Planner",olive,1987-12-12,wkassulke@hotmail.com,"Qk\Wb>7azf{(NlgT>"
9f471a85-c879-3790-bb0e-08587e137811,Prof.,Graham,Kuhlman,"72A/56 Franecki Camp Apt. 943, Sibutu 7854 Leyte",quod,Tanjay,Oklahoma,Gambia,286-885-801,922-098-158,"Braun Ltd",http://www.wolff.net/quo-enim-unde-eius-sed-aliquam-eius,"Medical Assistant",yellow,1972-05-10,qbatz@cruickshank.com,",_0lcm3^]&O5"
a55a5d0a-6172-3870-ad0d-8d795fd04dbb,Dr.,Claire,Cummings,"97A Grant Fort, Poblacion, Meycauayan 1296 Basilan",et,Palayan,Texas,"United States Virgin Islands",286-144-203,303-512-517,Wyman-Russel,http://upton.com/fuga-et-dolor-necessitatibus-atque-sequi,"Talent Director",olive,1971-02-12,aiyana05@hotmail.com,"bc&+R6%o""bh5v7C"
2c0061bc-265a-367b-aeb4-814b336281f1,Dr.,Lawrence,Terry,"95A Franecki Locks Suite 681, Poblacion, Masbate City 1913 Zambales",distinctio,Malaybalay,Connecticut,Senegal,178-836-071,173-612-936,"Gleichner, Effertz and Fadel",https://balistreri.com/nam-officiis-voluptatem-dolor-consequatur-fuga.html,"Precision Aircraft Systems Assemblers",yellow,2019-09-07,schumm.clementina@cummings.com,@d'XB>eMho{J.
934d1374-8d64-3c85-8515-cbdcd7ebe487,Prof.,Paul,Harvey,"51/35 Farrell Freeway, Poblacion, Cabadbaran 4859 Pangasinan",repudiandae,Imus,Maine,"Solomon Islands",857-677-405,395-274-944,"Boyer Ltd",http://schamberger.com/,"Radar Technician",fuchsia,1983-03-07,kelsie.ebert@mohr.org,nRR{R6Vr
926ed378-41d7-35ac-9e03-8165d0f3589f,Dr.,Joesph,Bahringer,"05A/19 Kilback Ford Suite 319, Poblacion, San Jose 0095 Lanao del Sur",nam,Oroquieta,"Rhode Island","Cayman Islands",091-460-684,921-167-440,"Wyman Ltd",http://www.kuhn.net/eaque-rem-qui-et-veritatis,"Environmental Engineer",blue,2022-08-28,raul72@dickinson.info,"LTEQ\VHm{qF;_"
ae7bb309-3a50-37ba-ae4a-74fe71848e2d,Mr.,Asia,Jaskolski,"34 Mante Street, Magpet 2660 Misamis Oriental",tenetur,Malolos,"New Hampshire",Belarus,468-086-393,895-257-710,"Ziemann, Schinner and DuBuque",https://www.rippin.org/doloremque-nihil-possimus-animi-aut-beatae,"User Experience Manager",olive,1975-06-03,bbechtelar@gmail.com,vS%tfOn/cq-*hIby0PM
ec43c5fe-d61e-3d05-8b58-d15a08c5869b,Ms.,Itzel,Zieme,"51/44 Ward Meadow Apt. 903, Poblacion, Laoag 9115 Surigao del Sur",incidunt,Tagum,Tennessee,Bermuda,393-073-454,170-430-872,Rogahn-Heathcote,http://gorczany.info/nihil-incidunt-temporibus-facilis-expedita-est,"Home Economics Teacher",navy,1990-10-14,mann.gladys@hotmail.com,~(|j'Jv!#d
41d9060b-eadb-3df8-a51f-37948a60a803,Ms.,Alec,Fahey,"03A Kuhlman Pines Suite 053, Poblacion, Muñoz 5453 Agusan del Sur",est,Iligan,"South Dakota",Cambodia,765-070-385,752-942-732,Lang-Waelchi,http://nicolas.net/,"Tax Preparer",gray,2015-12-10,kuvalis.laury@yahoo.com,$FUFE6?Pt^>f-
82ba23d9-f0bf-30f0-a107-4d0d8d65f363,Miss,Aaron,Marvin,"86/26 Harris Station Suite 892, Poblacion, Mandaue 5908 Negros Oriental",quis,Olongapo,Minnesota,Mexico,166-258-878,726-437-144,"Schaden Inc",http://fahey.biz/,"Law Enforcement Teacher",fuchsia,1989-12-10,palma98@gmail.com,"oacufT#/>iu\%:"
e745ef60-367f-3eae-a349-79e1c233720e,Prof.,Jonas,Gusikowski,"87A/02 Predovic Forge Suite 022, Poblacion, Kidapawan 4658 Quezon",omnis,Urdaneta,Massachusetts,Niue,671-114-003,490-085-355,"Bergnaum, Kreiger and Stamm",http://www.kris.info/,"Brokerage Clerk",aqua,1976-01-19,etha.brekke@hotmail.com,bZVrcP9}=Ha!
146e8726-59e1-3830-a626-0f87bd318060,Mr.,Claudia,Upton,"90/95 Ernser Field, Alicia 0536 Basilan",alias,Tagbilaran,Iowa,Jamaica,143-544-622,759-446-668,"Wiza Inc",http://baumbach.com/consequatur-ipsa-accusamus-dolorem-voluptatem.html,"Lodging Manager",purple,2011-07-17,schaefer.rosa@fritsch.com,"By)Hk?|.^yBjhrW\"
bc131c84-fd7a-3ab3-9345-450da2912bee,Dr.,Mohammad,Hintz,"08A/06 Kulas Ville, General Santos City 3716 Guimaras",minima,"Trece Martires",Maryland,Tunisia,910-580-102,036-342-447,"Steuber, Kuvalis and Koch",http://www.kutch.com/maxime-atque-consectetur-fugiat-perspiciatis-magni-sed-quasi,"Urban Planner",navy,1977-03-25,owillms@gmail.com,oi$K+tU
93d74173-fb21-3883-ae07-db0039b01e0a,Prof.,Arlene,Beahan,"49 Kirlin Estate, Poblacion, Dasmariñas 0147 Zamboanga Sibugay",repellendus,Isabela,Hawaii,Mozambique,204-780-076,292-444-471,"McDermott, Jerde and Lang",https://www.rutherford.biz/sit-dolores-beatae-nulla-adipisci-asperiores-cupiditate,Brickmason,olive,1985-09-08,mccullough.helen@yahoo.com,"uml)c""y='k@,y|t"
e91f9685-bcfe-3fb5-b682-c9b20b5c41d9,Dr.,Eldora,Okuneva,"27 Schmitt Shores, Poblacion, Cabuyao 0237 South Cotabato",suscipit,Bago,Utah,"Puerto Rico",542-548-776,330-443-341,"Towne, Stamm and Halvorson",https://harber.org/laborum-accusantium-ut-ut-odio-consequuntur-provident-eos.html,Construction,silver,1970-10-28,dalton.gorczany@corkery.com,ESdNLyh(
f9ce622c-9157-34ea-ae17-67341d7eb91f,Dr.,Sammy,Greenholt,"43A Stiedemann Circles Apt. 937, Pakil 3150 Palawan",sint,Cadiz,Wisconsin,Zimbabwe,912-199-867,029-772-419,"Adams Inc",https://www.berge.info/eaque-pariatur-qui-dolores-vero,"Credit Checkers Clerk",purple,2002-02-07,brice.okuneva@hegmann.com,"""}khYq{x}]=-q$>"
520175ea-a5e7-3f0b-9c66-0aa022ac5b72,Ms.,Patricia,Gusikowski,"12A Ledner Squares Apt. 449, Samal 4177 Rizal",iusto,Olongapo,"New York","Christmas Island",148-739-745,250-180-344,"Waelchi, Feil and Wyman",http://www.steuber.biz/voluptas-eos-id-est-consequuntur-quia,"Cutting Machine Operator",teal,1979-07-10,lgerhold@weissnat.com,K9xaQG&cGR
7879ff10-999d-3fa1-9f10-8bab5a6b9f84,Ms.,Gisselle,Abshire,"39 Sanford Crescent, Burgos 2365 Capiz",vero,Maasin,Utah,"Burkina Faso",302-416-081,958-653-539,"Bode and Sons",http://www.welch.org/provident-dolores-recusandae-nostrum-nam.html,"Multiple Machine Tool Setter",fuchsia,2007-07-31,mkautzer@abbott.net,K9vpSxt
041df413-0f69-3732-8490-388914cf889b,Mr.,Piper,White,"90A/75 Herzog Rue Suite 992, Poblacion, Silay 4109 Aurora",veniam,Tabuk,Oklahoma,Mauritania,908-430-874,511-902-127,Deckow-Feest,http://www.murphy.net/,Solderer,yellow,1979-12-03,felipe80@boehm.info,Rf/YE#
88394ee1-5cd5-3c0c-9276-80ca0b31d33f,Mrs.,Cooper,Kuvalis,"59A/05 Bechtelar Forks, Poblacion, Malolos 1445 Ilocos Norte",omnis,Palayan,"Rhode Island",Nicaragua,932-226-061,568-385-700,"Witting PLC",http://hudson.com/quo-iste-dolor-totam-recusandae-aspernatur-rerum-maxime.html,"Annealing Machine Operator",white,2011-04-15,hans21@yahoo.com,`]W.a1!1FP8uYaK
b243970b-fa14-3a77-8c94-b266dc9efc95,Prof.,Amiya,Bartoletti,"24 Kertzmann Manor Suite 223, Poblacion, Malabon 5911 Metro Manila",libero,"Tarlac City",Massachusetts,"French Guiana",625-774-452,393-184-168,"Tromp LLC",https://heaney.com/sunt-modi-et-soluta-culpa-distinctio-neque.html,"Radio Operator",lime,1978-09-07,emie66@gmail.com,5i#8gcy/9/]Yx9j
4a747efb-0406-35ad-8a34-97b5c6bbc436,Ms.,Elmore,Hermann,"30A Streich Station Suite 775, Poblacion, Digos 7647 Bukidnon",ipsa,"Puerto Princesa",Missouri,Guernsey,520-420-785,186-228-521,"Moore Group",https://hudson.com/voluptates-ut-in-ut-est-quod.html,"Streetcar Operator",black,1990-12-11,jabari.adams@schmitt.com,J-M!4.@m'Y(&tBU
fdc383d0-5bbf-32e6-9809-b6124709469b,Prof.,Reed,Gerlach,"51A Hill Mission Apt. 199, Poblacion, Silay 7161 Compostela Valley",optio,Bayawan,Missouri,Turkmenistan,681-346-221,551-362-398,"Thompson, Swaniawski and Hills",http://www.stanton.org/minima-perferendis-corporis-porro-odit-harum.html,"Protective Service Worker",purple,1979-10-10,august73@price.com,!(69{d/MH
31e80e21-f996-3843-8dee-17464a42a26d,Dr.,Curtis,Kovacek,"89 Muller Curve Suite 961, Rosario 8720 Ifugao",assumenda,Isabela,Alaska,Turkey,367-842-252,854-560-954,Dooley-Weissnat,http://brakus.com/est-omnis-et-accusantium-quidem-sit,"Ophthalmic Laboratory Technician",maroon,2023-01-14,vincenzo11@jast.com,"3G>~Ju\|YhjtzU#hM5="
4ad9ad80-f80a-3177-8c6a-bf784c1fd92b,Miss,Tremaine,Pagac,"52A Schumm Walk Suite 363, Pinamungahan 4656 Ilocos Sur",labore,Muñoz,Arizona,China,447-274-828,708-294-859,"Kuvalis, Watsica and Welch",http://bartell.biz/,"Production Control Manager",green,1993-10-18,bwyman@yahoo.com,&&_=CjJ:js~@b`eF
afabb42d-d95e-35b5-b6ea-e09b13f8aeb3,Dr.,Luigi,West,"94/14 Gutkowski Burgs, President Roxas 4127 Occidental Mindoro",error,"Masbate City",Oregon,Armenia,166-207-259,411-397-919,"Marvin Group",http://www.gutkowski.com/explicabo-dolor-quia-tempora-fuga-nam-officia-voluptatem.html,Dancer,green,1990-10-30,ritchie.graham@gmail.com,",t<PCc-LPtM\A{(:"
ea335844-3989-3007-9380-d5b1a4285424,Prof.,Isobel,Kassulke,"17A Kuhn Cape Apt. 385, Talipao 4166 Dinagat Islands",officia,Bais,Louisiana,Switzerland,062-433-489,772-613-118,"Sawayn, O'Hara and Connelly",http://aufderhar.com/nobis-aspernatur-nostrum-quaerat-mollitia-vero-quia-ut-aspernatur,"Fish Game Warden",teal,2003-09-26,elenor49@gmail.com,>0_q6o+s}^e1d
d43d2ff8-9815-3365-9f95-a3fa23b1e1ec,Dr.,Jalon,Jones,"79A Rolfson Cape Apt. 953, Poblacion, Dasmariñas 4445 Agusan del Norte",dignissimos,Guihulngan,Alaska,Nigeria,477-612-359,358-552-640,"Lowe and Sons",http://barton.biz/laboriosam-illum-libero-cum-impedit-ullam-qui-eum,"Automatic Teller Machine Servicer",green,1983-10-31,keyon81@hotmail.com,1jK^RGW.*{KL=.
bf94ecac-bbae-375d-b231-a2e2102285fa,Ms.,Ibrahim,Boyle,"38 Marks Squares Apt. 627, Poblacion, Makati 5578 Lanao del Norte",dolor,Borongan,Illinois,Croatia,154-564-647,200-025-350,"Hamill, Gerhold and Maggio",http://kessler.org/accusantium-quas-quas-animi-delectus-cum-fugiat-fugiat,"Art Teacher",silver,1973-06-05,kimberly.moore@bailey.net,IY{us7qi`L
35f05b72-4e18-357e-9d06-d1e7786ee9c0,Mr.,Leland,Schultz,"62A/40 Kessler Loaf Apt. 908, Poblacion, Naga 9172 Romblon",dolor,Ilagan,Georgia,Somalia,610-685-165,094-568-314,Davis-Schneider,http://roberts.org/,"Title Examiner",yellow,1972-06-03,jast.alexis@bailey.com,}|~-^S!x$2N=Xr
00b07d8a-5229-3adb-a74d-3a5bda2f648d,Dr.,Juliet,Greenholt,"65A/18 Bayer Meadow, Norala 8613 Catanduanes",dolorem,Baguio,"North Carolina","Northern Mariana Islands",308-665-878,212-526-027,Botsford-Schulist,https://greenholt.com/qui-consequatur-dolor-aut-est-fugiat.html,Actuary,olive,2023-05-15,corwin.elmer@hotmail.com,":ns""<cE@_[<DXP"
c41fd42b-86bf-32c2-a62e-74d4f7874691,Miss,Colby,Daugherty,"42A/61 Stroman Crescent Suite 857, Tamparan 0643 Agusan del Sur",accusantium,Laoag,Arizona,"Pitcairn Islands",373-909-331,754-324-034,"Nicolas LLC",http://www.denesik.biz/voluptatem-et-voluptatibus-est.html,Photographer,blue,2007-03-29,russ.hagenes@turcotte.com,Q#ey*JDc%)-z_j
9a21e3a2-8232-36ba-9a35-ca70fbd8405e,Ms.,Maiya,Jacobi,"67 Gleichner Run, Poblacion, Iloilo City 4897 Mountain Province",ad,Talisay,"Rhode Island","Saint Pierre and Miquelon",393-176-033,261-197-473,Schroeder-Goldner,http://www.dicki.biz/aut-quos-et-unde-in.html,"Electrical Drafter",lime,2003-12-28,cummerata.deshaun@hotmail.com,1)'']GI11{Z`G</I
15bf3012-19e7-3527-9628-fd18058ea3dd,Prof.,Jarrod,Rolfson,"26 Douglas Mountains Apt. 812, Poblacion, San Jose 0916 Samar",non,Bago,"Rhode Island",Gibraltar,531-210-418,538-471-056,"Collins, Lehner and McDermott",http://hansen.com/quisquam-nihil-quibusdam-aut-quis-expedita-et-molestiae.html,"Preschool Education Administrators",silver,1977-08-20,sonia41@yahoo.com,9B2*G0M8pQt|HdHXj
4679e5fc-fb7c-36e1-a2f6-240f7a3c6371,Prof.,Carolyn,Altenwerth,"53 Will Via, President Carlos P. Garcia 4630 Agusan del Sur",amet,Bais,Texas,Chile,049-138-343,493-221-987,"Raynor, Fahey and Prosacco",http://www.stroman.com/,"Technical Director",black,1995-05-28,neva.langosh@gmail.com,IXjkq^$.FuoM]dM~o2*
